State,Year,Quarter,Name,Count,Amount,Average Transaction
Andaman & Nicobar Islands,2020,Q2,Insurance,6,1360.0,226.66666666666666
Andaman & Nicobar Islands,2020,Q3,Insurance,41,15380.0,375.1219512195122
Andaman & Nicobar Islands,2020,Q4,Insurance,124,157975.0,1273.991935483871
Andaman & Nicobar Islands,2021,Q1,Insurance,225,244266.0,1085.6266666666668
Andaman & Nicobar Islands,2021,Q2,Insurance,137,181504.0,1324.846715328467
Andaman & Nicobar Islands,2021,Q3,Insurance,230,305235.0,1327.108695652174
Andaman & Nicobar Islands,2021,Q4,Insurance,757,1056380.0,1395.4821664464994
Andaman & Nicobar Islands,2022,Q1,Insurance,768,1131287.0,1473.0299479166667
Andaman & Nicobar Islands,2022,Q2,Insurance,501,779740.0,1556.367265469062
Andaman & Nicobar Islands,2022,Q3,Insurance,643,902466.0,1403.524105754277
Andaman & Nicobar Islands,2022,Q4,Insurance,901,1441210.0,1599.5671476137625
Andaman & Nicobar Islands,2023,Q1,Insurance,1004,1439198.0,1433.4641434262949
Andaman & Nicobar Islands,2023,Q2,Insurance,768,1233395.0,1605.9830729166667
Andaman & Nicobar Islands,2023,Q3,Insurance,795,1251145.0,1573.7672955974842
Andaman & Nicobar Islands,2023,Q4,Insurance,1145,1757821.0,1535.2148471615722
Andhra Pradesh,2020,Q2,Insurance,22104,3982391.0,180.16607853782122
Andhra Pradesh,2020,Q3,Insurance,49812,12426481.0,249.4676182445997
Andhra Pradesh,2020,Q4,Insurance,21464,12985632.0,604.9959001118151
Andhra Pradesh,2021,Q1,Insurance,22105,12749874.0,576.7868807962
Andhra Pradesh,2021,Q2,Insurance,33205,22730687.0,684.5561511820509
Andhra Pradesh,2021,Q3,Insurance,23075,19914338.0,863.0265655471289
Andhra Pradesh,2021,Q4,Insurance,25423,31610335.0,1243.3754867639539
Andhra Pradesh,2022,Q1,Insurance,29954,42648157.0,1423.788375509114
Andhra Pradesh,2022,Q2,Insurance,32185,41708072.0,1295.88541245922
Andhra Pradesh,2022,Q3,Insurance,39301,48791931.0,1241.493371669932
Andhra Pradesh,2022,Q4,Insurance,44329,58043239.0,1309.3739764037086
Andhra Pradesh,2023,Q1,Insurance,34920,51963355.0,1488.0685853379152
Andhra Pradesh,2023,Q2,Insurance,36376,52067478.0,1431.368979546954
Andhra Pradesh,2023,Q3,Insurance,43150,57802396.0,1339.568852838934
Andhra Pradesh,2023,Q4,Insurance,41798,62342423.0,1491.5168907603233
Arunachal Pradesh,2020,Q2,Insurance,65,14329.0,220.44615384615383
Arunachal Pradesh,2020,Q3,Insurance,135,39687.0,293.97777777777776
Arunachal Pradesh,2020,Q4,Insurance,125,84247.0,673.976
Arunachal Pradesh,2021,Q1,Insurance,194,131611.0,678.4072164948453
Arunachal Pradesh,2021,Q2,Insurance,204,224928.0,1102.5882352941176
Arunachal Pradesh,2021,Q3,Insurance,212,371051.0,1750.2405660377358
Arunachal Pradesh,2021,Q4,Insurance,320,598459.0,1870.184375
Arunachal Pradesh,2022,Q1,Insurance,355,894107.0,2518.6112676056337
Arunachal Pradesh,2022,Q2,Insurance,564,1360231.0,2411.7570921985816
Arunachal Pradesh,2022,Q3,Insurance,510,1300304.0,2549.6156862745097
Arunachal Pradesh,2022,Q4,Insurance,613,1464572.0,2389.1876019575857
Arunachal Pradesh,2023,Q1,Insurance,606,1747475.0,2883.622112211221
Arunachal Pradesh,2023,Q2,Insurance,696,2095988.0,3011.477011494253
Arunachal Pradesh,2023,Q3,Insurance,718,1904786.0,2652.9052924791085
Arunachal Pradesh,2023,Q4,Insurance,809,2105408.0,2602.4820766378243
Assam,2020,Q2,Insurance,978,210034.0,214.75869120654397
Assam,2020,Q3,Insurance,2206,599450.0,271.73617407071623
Assam,2020,Q4,Insurance,2413,1806801.0,748.7778698715292
Assam,2021,Q1,Insurance,3167,2334419.0,737.1073571203032
Assam,2021,Q2,Insurance,3265,3008122.0,921.3237366003062
Assam,2021,Q3,Insurance,4495,6010865.0,1337.233592880979
Assam,2021,Q4,Insurance,8622,13962068.0,1619.353746230573
Assam,2022,Q1,Insurance,16230,27447766.0,1691.1747381392483
Assam,2022,Q2,Insurance,9228,15357811.0,1664.2621369744256
Assam,2022,Q3,Insurance,14149,22543564.0,1593.297335500742
Assam,2022,Q4,Insurance,18826,29239168.0,1553.1269520875385
Assam,2023,Q1,Insurance,22100,36963888.0,1672.5741176470588
Assam,2023,Q2,Insurance,16475,28368139.0,1721.8900758725342
Assam,2023,Q3,Insurance,22593,35618158.0,1576.5129907493472
Assam,2023,Q4,Insurance,23168,38731734.0,1671.777192679558
Bihar,2020,Q2,Insurance,2816,595621.0,211.51313920454547
Bihar,2020,Q3,Insurance,9733,2161102.0,222.0386314599815
Bihar,2020,Q4,Insurance,9913,7860932.0,792.992232422072
Bihar,2021,Q1,Insurance,12554,8796619.0,700.702485263661
Bihar,2021,Q2,Insurance,14301,13301581.0,930.1154464722747
Bihar,2021,Q3,Insurance,18030,18234941.0,1011.3666666666667
Bihar,2021,Q4,Insurance,22456,27313813.0,1216.3258371927325
Bihar,2022,Q1,Insurance,20253,27755736.0,1370.4505999111243
Bihar,2022,Q2,Insurance,21892,28212833.0,1288.727982824776
Bihar,2022,Q3,Insurance,28511,34704251.0,1217.223212093578
Bihar,2022,Q4,Insurance,33895,43914519.0,1295.6046319516154
Bihar,2023,Q1,Insurance,26929,38746711.0,1438.847005087452
Bihar,2023,Q2,Insurance,29212,40354886.0,1381.4489250992742
Bihar,2023,Q3,Insurance,36550,45832355.0,1253.9632010943913
Bihar,2023,Q4,Insurance,41447,57624322.0,1390.313460564094
Chandigarh,2020,Q2,Insurance,149,29537.0,198.23489932885906
Chandigarh,2020,Q3,Insurance,264,70969.0,268.8219696969697
Chandigarh,2020,Q4,Insurance,200,153341.0,766.705
Chandigarh,2021,Q1,Insurance,338,238576.0,705.8461538461538
Chandigarh,2021,Q2,Insurance,378,310943.0,822.6005291005291
Chandigarh,2021,Q3,Insurance,494,469634.0,950.6761133603239
Chandigarh,2021,Q4,Insurance,710,835813.0,1177.2014084507043
Chandigarh,2022,Q1,Insurance,792,1150932.0,1453.1969696969697
Chandigarh,2022,Q2,Insurance,1330,1874959.0,1409.7436090225565
Chandigarh,2022,Q3,Insurance,1533,1998439.0,1303.6131767775603
Chandigarh,2022,Q4,Insurance,1403,2024528.0,1442.999287241625
Chandigarh,2023,Q1,Insurance,1520,2415574.0,1589.1934210526315
Chandigarh,2023,Q2,Insurance,1704,2501107.0,1467.7857981220657
Chandigarh,2023,Q3,Insurance,1883,2660630.0,1412.9739776951674
Chandigarh,2023,Q4,Insurance,1767,3053934.0,1728.3157894736842
Chhattisgarh,2020,Q2,Insurance,1346,279005.0,207.28454680534918
Chhattisgarh,2020,Q3,Insurance,4702,1393656.0,296.3964270523182
Chhattisgarh,2020,Q4,Insurance,3757,2249901.0,598.8557359595422
Chhattisgarh,2021,Q1,Insurance,4712,2620468.0,556.1264855687606
Chhattisgarh,2021,Q2,Insurance,5055,3813417.0,754.3851632047478
Chhattisgarh,2021,Q3,Insurance,4676,3568837.0,763.2243370402053
Chhattisgarh,2021,Q4,Insurance,6029,8229039.0,1364.9094377176978
Chhattisgarh,2022,Q1,Insurance,6612,10139190.0,1533.4528130671506
Chhattisgarh,2022,Q2,Insurance,7008,10119964.0,1444.058789954338
Chhattisgarh,2022,Q3,Insurance,8849,12119470.0,1369.5863939428184
Chhattisgarh,2022,Q4,Insurance,11994,18137856.0,1512.2441220610306
Chhattisgarh,2023,Q1,Insurance,10460,16577191.0,1584.8174952198854
Chhattisgarh,2023,Q2,Insurance,10514,16389610.0,1558.8367890431805
Chhattisgarh,2023,Q3,Insurance,11927,17838382.0,1495.630250691708
Chhattisgarh,2023,Q4,Insurance,17300,29704673.0,1717.0331213872832
Dadra & Nagar Haveli & Daman & Diu,2020,Q2,Insurance,651,101029.0,155.1904761904762
Dadra & Nagar Haveli & Daman & Diu,2020,Q3,Insurance,257,65504.0,254.87937743190662
Dadra & Nagar Haveli & Daman & Diu,2020,Q4,Insurance,232,149513.0,644.4525862068965
Dadra & Nagar Haveli & Daman & Diu,2021,Q1,Insurance,467,285691.0,611.7580299785867
Dadra & Nagar Haveli & Daman & Diu,2021,Q2,Insurance,368,275638.0,749.0163043478261
Dadra & Nagar Haveli & Daman & Diu,2021,Q3,Insurance,360,273596.0,759.9888888888889
Dadra & Nagar Haveli & Daman & Diu,2021,Q4,Insurance,421,425384.0,1010.4133016627078
Dadra & Nagar Haveli & Daman & Diu,2022,Q1,Insurance,493,720741.0,1461.949290060852
Dadra & Nagar Haveli & Daman & Diu,2022,Q2,Insurance,438,686857.0,1568.1666666666667
Dadra & Nagar Haveli & Daman & Diu,2022,Q3,Insurance,707,983776.0,1391.4794908062236
Dadra & Nagar Haveli & Daman & Diu,2022,Q4,Insurance,871,1272628.0,1461.1113662456946
Dadra & Nagar Haveli & Daman & Diu,2023,Q1,Insurance,799,1215168.0,1520.8610763454317
Dadra & Nagar Haveli & Daman & Diu,2023,Q2,Insurance,694,1058753.0,1525.5806916426513
Dadra & Nagar Haveli & Daman & Diu,2023,Q3,Insurance,969,1333103.0,1375.7512899896801
Dadra & Nagar Haveli & Daman & Diu,2023,Q4,Insurance,1207,1973867.0,1635.3496271748136
Delhi,2020,Q2,Insurance,11716,1897480.0,161.9562990781837
Delhi,2020,Q3,Insurance,7588,1927285.0,253.99117026884554
Delhi,2020,Q4,Insurance,9725,8045442.0,827.2948071979434
Delhi,2021,Q1,Insurance,12822,9655261.0,753.0230073311496
Delhi,2021,Q2,Insurance,13292,10840929.0,815.5980288895577
Delhi,2021,Q3,Insurance,16679,15007079.0,899.7589184003837
Delhi,2021,Q4,Insurance,34251,36578331.0,1067.9492861522292
Delhi,2022,Q1,Insurance,28232,35442069.0,1255.386405497308
Delhi,2022,Q2,Insurance,26378,31787281.0,1205.0678974903328
Delhi,2022,Q3,Insurance,35944,41570160.0,1156.5257066547963
Delhi,2022,Q4,Insurance,48908,60603173.0,1239.1259712112537
Delhi,2023,Q1,Insurance,45821,61040038.0,1332.1411143362213
Delhi,2023,Q2,Insurance,41358,54951108.0,1328.6693747279849
Delhi,2023,Q3,Insurance,47113,58878500.0,1249.7293740581156
Delhi,2023,Q4,Insurance,56336,77332401.0,1372.6995349332576
Goa,2020,Q2,Insurance,341,71100.0,208.50439882697947
Goa,2020,Q3,Insurance,683,196864.0,288.2342606149341
Goa,2020,Q4,Insurance,614,682364.0,1111.342019543974
Goa,2021,Q1,Insurance,879,827384.0,941.2787258248009
Goa,2021,Q2,Insurance,1016,1028339.0,1012.1446850393701
Goa,2021,Q3,Insurance,1214,1385986.0,1141.668863261944
Goa,2021,Q4,Insurance,2087,2737316.0,1311.6032582654527
Goa,2022,Q1,Insurance,2634,3865245.0,1467.4430523917995
Goa,2022,Q2,Insurance,3524,5093510.0,1445.3774120317821
Goa,2022,Q3,Insurance,3157,4142108.0,1312.0392777953753
Goa,2022,Q4,Insurance,4388,6190669.0,1410.8179124886053
Goa,2023,Q1,Insurance,4097,5859549.0,1430.2047839882841
Goa,2023,Q2,Insurance,4166,5930801.0,1423.6200192030724
Goa,2023,Q3,Insurance,3927,5646054.0,1437.7524828113064
Goa,2023,Q4,Insurance,4883,7411001.0,1517.714724554577
Gujarat,2020,Q2,Insurance,7697,1430591.0,185.86345329349098
Gujarat,2020,Q3,Insurance,12525,3335812.0,266.33229540918165
Gujarat,2020,Q4,Insurance,9990,6055037.0,606.1098098098098
Gujarat,2021,Q1,Insurance,12673,7288104.0,575.0890870354297
Gujarat,2021,Q2,Insurance,14676,10263998.0,699.3729899155084
Gujarat,2021,Q3,Insurance,15348,12341903.0,804.1375423507949
Gujarat,2021,Q4,Insurance,19142,23282921.0,1216.3264549158916
Gujarat,2022,Q1,Insurance,22221,29953433.0,1347.9786238243103
Gujarat,2022,Q2,Insurance,25381,32090965.0,1264.369607186478
Gujarat,2022,Q3,Insurance,31302,37557227.0,1199.8347389943135
Gujarat,2022,Q4,Insurance,36418,50629325.0,1390.2280465703773
Gujarat,2023,Q1,Insurance,32600,46937694.0,1439.806564417178
Gujarat,2023,Q2,Insurance,32484,46254095.0,1423.9039219307967
Gujarat,2023,Q3,Insurance,51049,65768085.0,1288.3324844756999
Gujarat,2023,Q4,Insurance,41128,66735446.0,1622.6280392919666
Haryana,2020,Q2,Insurance,6321,1179814.0,186.6498971681696
Haryana,2020,Q3,Insurance,7139,1884868.0,264.0240930102255
Haryana,2020,Q4,Insurance,8283,5974278.0,721.2698297718218
Haryana,2021,Q1,Insurance,11038,7297880.0,661.1596303678202
Haryana,2021,Q2,Insurance,12516,11272453.0,900.6434164269734
Haryana,2021,Q3,Insurance,14163,13215898.0,933.1284332415448
Haryana,2021,Q4,Insurance,19489,25885838.0,1328.228128687978
Haryana,2022,Q1,Insurance,22783,32526943.0,1427.684808848703
Haryana,2022,Q2,Insurance,25352,33759068.0,1331.613600504891
Haryana,2022,Q3,Insurance,35346,45402800.0,1284.5244157754767
Haryana,2022,Q4,Insurance,37971,56627115.0,1491.3253535592953
Haryana,2023,Q1,Insurance,37287,61127194.0,1639.3701289993833
Haryana,2023,Q2,Insurance,40710,62186066.0,1527.5378531073447
Haryana,2023,Q3,Insurance,42815,61782311.0,1443.0062127758963
Haryana,2023,Q4,Insurance,47506,80747159.0,1699.7254873068664
Himachal Pradesh,2020,Q2,Insurance,392,77936.0,198.81632653061226
Himachal Pradesh,2020,Q3,Insurance,531,165559.0,311.78719397363466
Himachal Pradesh,2020,Q4,Insurance,710,630966.0,888.6845070422535
Himachal Pradesh,2021,Q1,Insurance,1064,906492.0,851.9661654135339
Himachal Pradesh,2021,Q2,Insurance,1210,1402338.0,1158.9570247933884
Himachal Pradesh,2021,Q3,Insurance,1759,2444545.0,1389.7356452529846
Himachal Pradesh,2021,Q4,Insurance,2474,4667661.0,1886.6859337105902
Himachal Pradesh,2022,Q1,Insurance,2768,5234739.0,1891.1629335260116
Himachal Pradesh,2022,Q2,Insurance,2831,5371078.0,1897.2370187212998
Himachal Pradesh,2022,Q3,Insurance,3641,6161692.0,1692.307607800055
Himachal Pradesh,2022,Q4,Insurance,4565,9060436.0,1984.7614457831326
Himachal Pradesh,2023,Q1,Insurance,3909,7826133.0,2002.0805832693784
Himachal Pradesh,2023,Q2,Insurance,4197,8499425.0,2025.1191327138433
Himachal Pradesh,2023,Q3,Insurance,3935,7869767.0,1999.940787801779
Himachal Pradesh,2023,Q4,Insurance,5211,11898824.0,2283.4051045864517
Jammu & Kashmir,2020,Q2,Insurance,206,48484.0,235.35922330097088
Jammu & Kashmir,2020,Q3,Insurance,441,133339.0,302.35600907029476
Jammu & Kashmir,2020,Q4,Insurance,647,734861.0,1135.7975270479135
Jammu & Kashmir,2021,Q1,Insurance,1105,1546288.0,1399.3556561085973
Jammu & Kashmir,2021,Q2,Insurance,1197,1832089.0,1530.5672514619882
Jammu & Kashmir,2021,Q3,Insurance,1452,2139133.0,1473.2320936639119
Jammu & Kashmir,2021,Q4,Insurance,3113,5223317.0,1677.904593639576
Jammu & Kashmir,2022,Q1,Insurance,3584,7244267.0,2021.2798549107142
Jammu & Kashmir,2022,Q2,Insurance,4071,7729792.0,1898.7452714320805
Jammu & Kashmir,2022,Q3,Insurance,4794,8281826.0,1727.5398414685023
Jammu & Kashmir,2022,Q4,Insurance,5031,10111183.0,2009.775988869012
Jammu & Kashmir,2023,Q1,Insurance,4555,10275877.0,2255.9554335894622
Jammu & Kashmir,2023,Q2,Insurance,5262,10974839.0,2085.678259217028
Jammu & Kashmir,2023,Q3,Insurance,5453,10975874.0,2012.813863928113
Jammu & Kashmir,2023,Q4,Insurance,6264,13932309.0,2224.1872605363983
Jharkhand,2020,Q2,Insurance,2063,405031.0,196.33107125545322
Jharkhand,2020,Q3,Insurance,5368,1349934.0,251.4780178837556
Jharkhand,2020,Q4,Insurance,3659,2857024.0,780.8209893413501
Jharkhand,2021,Q1,Insurance,4879,3274851.0,671.2135683541709
Jharkhand,2021,Q2,Insurance,5180,5084230.0,981.511583011583
Jharkhand,2021,Q3,Insurance,6794,7046048.0,1037.0986164262586
Jharkhand,2021,Q4,Insurance,8465,11190423.0,1321.9637330183107
Jharkhand,2022,Q1,Insurance,9373,13819466.0,1474.390910060813
Jharkhand,2022,Q2,Insurance,9477,13464840.0,1420.7913896802786
Jharkhand,2022,Q3,Insurance,14388,18156857.0,1261.9444676118987
Jharkhand,2022,Q4,Insurance,16779,23147805.0,1379.5699982120507
Jharkhand,2023,Q1,Insurance,16108,23823406.0,1478.9797616091382
Jharkhand,2023,Q2,Insurance,16662,23216215.0,1393.3630416516626
Jharkhand,2023,Q3,Insurance,19478,25165702.0,1292.0064688366363
Jharkhand,2023,Q4,Insurance,22398,33484644.0,1494.9836592552906
Karnataka,2020,Q2,Insurance,27358,4794150.0,175.2375904671394
Karnataka,2020,Q3,Insurance,53701,12407394.0,231.04586506768962
Karnataka,2020,Q4,Insurance,31747,26814968.0,844.6457303052257
Karnataka,2021,Q1,Insurance,37595,30183325.0,802.8547679212661
Karnataka,2021,Q2,Insurance,40969,39501006.0,964.1681759379043
Karnataka,2021,Q3,Insurance,47468,48078366.0,1012.858473076599
Karnataka,2021,Q4,Insurance,74436,90723288.0,1218.8092858294374
Karnataka,2022,Q1,Insurance,95640,130733580.0,1366.9341279799248
Karnataka,2022,Q2,Insurance,93385,123228632.0,1319.5762916956685
Karnataka,2022,Q3,Insurance,110273,144605784.0,1311.3435201726625
Karnataka,2022,Q4,Insurance,133971,185063287.0,1381.3682588022782
Karnataka,2023,Q1,Insurance,127376,186543426.0,1464.5100018841854
Karnataka,2023,Q2,Insurance,117232,175704013.0,1498.7717773304216
Karnataka,2023,Q3,Insurance,139699,199448538.0,1427.7019735288013
Karnataka,2023,Q4,Insurance,156076,248056311.0,1589.3302685870985
Kerala,2020,Q2,Insurance,1588,360216.0,226.83627204030228
Kerala,2020,Q3,Insurance,8811,2830361.0,321.23039382589945
Kerala,2020,Q4,Insurance,5479,4445525.0,811.3752509582041
Kerala,2021,Q1,Insurance,5731,5040506.0,879.5159658000349
Kerala,2021,Q2,Insurance,9530,9676588.0,1015.381741867786
Kerala,2021,Q3,Insurance,10926,13255646.0,1213.2203917261577
Kerala,2021,Q4,Insurance,19199,31260319.0,1628.2264180426064
Kerala,2022,Q1,Insurance,37110,64172190.0,1729.2425222312045
Kerala,2022,Q2,Insurance,35667,59920203.0,1679.98999074775
Kerala,2022,Q3,Insurance,54587,85390924.0,1564.3087914704965
Kerala,2022,Q4,Insurance,65563,103982997.0,1586.0012049479126
Kerala,2023,Q1,Insurance,62377,101786828.0,1631.8006316430735
Kerala,2023,Q2,Insurance,61032,100620604.0,1648.6532310918863
Kerala,2023,Q3,Insurance,66059,110021582.0,1665.5048063095112
Kerala,2023,Q4,Insurance,73543,121905046.0,1657.6023006948317
Ladakh,2020,Q2,Insurance,14,2538.0,181.28571428571428
Ladakh,2020,Q3,Insurance,33,10260.0,310.90909090909093
Ladakh,2020,Q4,Insurance,27,34206.0,1266.888888888889
Ladakh,2021,Q1,Insurance,32,34530.0,1079.0625
Ladakh,2021,Q2,Insurance,46,86251.0,1875.0217391304348
Ladakh,2021,Q3,Insurance,192,174052.0,906.5208333333334
Ladakh,2021,Q4,Insurance,76,195966.0,2578.5
Ladakh,2022,Q1,Insurance,75,193935.0,2585.8
Ladakh,2022,Q2,Insurance,113,269446.0,2384.477876106195
Ladakh,2022,Q3,Insurance,137,369742.0,2698.8467153284673
Ladakh,2022,Q4,Insurance,162,410091.0,2531.425925925926
Ladakh,2023,Q1,Insurance,161,495736.0,3079.105590062112
Ladakh,2023,Q2,Insurance,215,635831.0,2957.353488372093
Ladakh,2023,Q3,Insurance,232,649027.0,2797.530172413793
Ladakh,2023,Q4,Insurance,242,718967.0,2970.938016528926
Lakshadweep,2020,Q3,Insurance,4,1199.0,299.75
Lakshadweep,2021,Q1,Insurance,4,5225.0,1306.25
Lakshadweep,2021,Q2,Insurance,5,6962.0,1392.4
Lakshadweep,2021,Q3,Insurance,19,16034.0,843.8947368421053
Lakshadweep,2021,Q4,Insurance,11,17096.0,1554.1818181818182
Lakshadweep,2022,Q1,Insurance,27,34664.0,1283.851851851852
Lakshadweep,2022,Q2,Insurance,18,27463.0,1525.7222222222222
Lakshadweep,2022,Q3,Insurance,38,41504.0,1092.2105263157894
Lakshadweep,2022,Q4,Insurance,15,27135.0,1809.0
Lakshadweep,2023,Q1,Insurance,26,30199.0,1161.5
Lakshadweep,2023,Q2,Insurance,15,38384.0,2558.9333333333334
Lakshadweep,2023,Q3,Insurance,12,12407.0,1033.9166666666667
Lakshadweep,2023,Q4,Insurance,53,78346.0,1478.2264150943397
Madhya Pradesh,2020,Q2,Insurance,6283,1198701.0,190.78481617061914
Madhya Pradesh,2020,Q3,Insurance,14476,3496126.0,241.51188173528598
Madhya Pradesh,2020,Q4,Insurance,10653,4897124.0,459.69435839669575
Madhya Pradesh,2021,Q1,Insurance,14427,5567927.0,385.9379635405836
Madhya Pradesh,2021,Q2,Insurance,14803,9787391.0,661.1761805039519
Madhya Pradesh,2021,Q3,Insurance,11990,7806258.0,651.0640533778148
Madhya Pradesh,2021,Q4,Insurance,15069,17524432.0,1162.9459154555711
Madhya Pradesh,2022,Q1,Insurance,13791,19901462.0,1443.0760640997753
Madhya Pradesh,2022,Q2,Insurance,14629,20159098.0,1378.0229680771072
Madhya Pradesh,2022,Q3,Insurance,22733,29185118.0,1283.8216689394274
Madhya Pradesh,2022,Q4,Insurance,29234,42712883.0,1461.0687213518506
Madhya Pradesh,2023,Q1,Insurance,26393,45135679.0,1710.138256355852
Madhya Pradesh,2023,Q2,Insurance,27027,44871764.0,1660.2569282569282
Madhya Pradesh,2023,Q3,Insurance,29300,46963348.0,1602.8446416382253
Madhya Pradesh,2023,Q4,Insurance,40784,73801070.0,1809.5593860337387
Maharashtra,2020,Q2,Insurance,39836,6879717.0,172.70099909629482
Maharashtra,2020,Q3,Insurance,71662,19230156.0,268.34523178253465
Maharashtra,2020,Q4,Insurance,44798,27113814.0,605.2460824143935
Maharashtra,2021,Q1,Insurance,55792,33137753.0,593.9516955835962
Maharashtra,2021,Q2,Insurance,70381,46763103.0,664.4279422003098
Maharashtra,2021,Q3,Insurance,52268,41313307.0,790.4130060457642
Maharashtra,2021,Q4,Insurance,82423,93262227.0,1131.5073098528323
Maharashtra,2022,Q1,Insurance,88015,117411928.0,1333.9990683406238
Maharashtra,2022,Q2,Insurance,80935,104603934.0,1292.443738802743
Maharashtra,2022,Q3,Insurance,90958,113835208.0,1251.5139734822665
Maharashtra,2022,Q4,Insurance,125900,174915648.0,1389.3220651310564
Maharashtra,2023,Q1,Insurance,112174,166596248.0,1485.159199101396
Maharashtra,2023,Q2,Insurance,102754,157303399.0,1530.8737275434532
Maharashtra,2023,Q3,Insurance,104872,151171882.0,1441.4894538103592
Maharashtra,2023,Q4,Insurance,136968,217657114.0,1589.109237194089
Manipur,2020,Q2,Insurance,55,12554.0,228.25454545454545
Manipur,2020,Q3,Insurance,134,45164.0,337.04477611940297
Manipur,2020,Q4,Insurance,90,49057.0,545.0777777777778
Manipur,2021,Q1,Insurance,136,72254.0,531.2794117647059
Manipur,2021,Q2,Insurance,127,81332.0,640.4094488188977
Manipur,2021,Q3,Insurance,111,133016.0,1198.3423423423424
Manipur,2021,Q4,Insurance,145,271789.0,1874.4068965517242
Manipur,2022,Q1,Insurance,177,517854.0,2925.728813559322
Manipur,2022,Q2,Insurance,218,553649.0,2539.6743119266057
Manipur,2022,Q3,Insurance,200,403213.0,2016.065
Manipur,2022,Q4,Insurance,271,620655.0,2290.239852398524
Manipur,2023,Q1,Insurance,222,632084.0,2847.225225225225
Manipur,2023,Q2,Insurance,123,341671.0,2777.8130081300815
Manipur,2023,Q3,Insurance,76,193021.0,2539.75
Manipur,2023,Q4,Insurance,225,476626.0,2118.337777777778
Meghalaya,2020,Q2,Insurance,41,8829.0,215.34146341463415
Meghalaya,2020,Q3,Insurance,112,33615.0,300.13392857142856
Meghalaya,2020,Q4,Insurance,92,71029.0,772.054347826087
Meghalaya,2021,Q1,Insurance,107,128776.0,1203.5140186915887
Meghalaya,2021,Q2,Insurance,139,148434.0,1067.8705035971223
Meghalaya,2021,Q3,Insurance,139,214554.0,1543.5539568345323
Meghalaya,2021,Q4,Insurance,263,451612.0,1717.1558935361218
Meghalaya,2022,Q1,Insurance,337,729211.0,2163.8308605341244
Meghalaya,2022,Q2,Insurance,379,789094.0,2082.042216358839
Meghalaya,2022,Q3,Insurance,600,1039491.0,1732.485
Meghalaya,2022,Q4,Insurance,627,1189529.0,1897.1754385964912
Meghalaya,2023,Q1,Insurance,562,1187523.0,2113.0302491103203
Meghalaya,2023,Q2,Insurance,730,1551577.0,2125.4479452054793
Meghalaya,2023,Q3,Insurance,809,1728076.0,2136.0642768850435
Meghalaya,2023,Q4,Insurance,806,1843364.0,2287.0521091811415
Mizoram,2020,Q2,Insurance,31,7322.0,236.19354838709677
Mizoram,2020,Q3,Insurance,74,24691.0,333.6621621621622
Mizoram,2020,Q4,Insurance,81,119124.0,1470.6666666666667
Mizoram,2021,Q1,Insurance,415,302841.0,729.7373493975904
Mizoram,2021,Q2,Insurance,187,124805.0,667.4064171122994
Mizoram,2021,Q3,Insurance,81,83641.0,1032.6049382716049
Mizoram,2021,Q4,Insurance,100,175847.0,1758.47
Mizoram,2022,Q1,Insurance,85,189428.0,2228.564705882353
Mizoram,2022,Q2,Insurance,76,115090.0,1514.342105263158
Mizoram,2022,Q3,Insurance,310,471306.0,1520.3419354838709
Mizoram,2022,Q4,Insurance,350,612551.0,1750.1457142857143
Mizoram,2023,Q1,Insurance,171,326688.0,1910.4561403508771
Mizoram,2023,Q2,Insurance,119,232928.0,1957.3781512605042
Mizoram,2023,Q3,Insurance,166,271799.0,1637.3433734939758
Mizoram,2023,Q4,Insurance,312,557950.0,1788.301282051282
Nagaland,2020,Q2,Insurance,41,9791.0,238.8048780487805
Nagaland,2020,Q3,Insurance,89,20798.0,233.68539325842696
Nagaland,2020,Q4,Insurance,62,38836.0,626.3870967741935
Nagaland,2021,Q1,Insurance,79,42973.0,543.9620253164557
Nagaland,2021,Q2,Insurance,85,139479.0,1640.929411764706
Nagaland,2021,Q3,Insurance,91,123643.0,1358.7142857142858
Nagaland,2021,Q4,Insurance,183,341424.0,1865.704918032787
Nagaland,2022,Q1,Insurance,242,529223.0,2186.871900826446
Nagaland,2022,Q2,Insurance,186,380878.0,2047.731182795699
Nagaland,2022,Q3,Insurance,210,439669.0,2093.6619047619047
Nagaland,2022,Q4,Insurance,367,700864.0,1909.7111716621253
Nagaland,2023,Q1,Insurance,320,704957.0,2202.990625
Nagaland,2023,Q2,Insurance,269,628890.0,2337.881040892193
Nagaland,2023,Q3,Insurance,268,632287.0,2359.2798507462685
Nagaland,2023,Q4,Insurance,331,822973.0,2486.323262839879
Odisha,2020,Q2,Insurance,2981,615193.0,206.37135189533714
Odisha,2020,Q3,Insurance,10955,2640191.0,241.00328617069832
Odisha,2020,Q4,Insurance,7526,4208701.0,559.2214988041457
Odisha,2021,Q1,Insurance,8236,4383330.0,532.2158814958718
Odisha,2021,Q2,Insurance,7942,5832924.0,734.4401913875598
Odisha,2021,Q3,Insurance,7967,6008686.0,754.1968118488766
Odisha,2021,Q4,Insurance,9093,10941626.0,1203.3021005168812
Odisha,2022,Q1,Insurance,9627,14539309.0,1510.2637374052144
Odisha,2022,Q2,Insurance,12371,16631095.0,1344.3614097486056
Odisha,2022,Q3,Insurance,18898,23308531.0,1233.3861255159277
Odisha,2022,Q4,Insurance,24538,33565401.0,1367.8947346972043
Odisha,2023,Q1,Insurance,18899,29360555.0,1553.5507169691518
Odisha,2023,Q2,Insurance,22163,31307110.0,1412.584487659613
Odisha,2023,Q3,Insurance,20263,29008350.0,1431.5920643537481
Odisha,2023,Q4,Insurance,25065,39753392.0,1586.012048673449
Puducherry,2020,Q2,Insurance,112,22251.0,198.66964285714286
Puducherry,2020,Q3,Insurance,191,58399.0,305.75392670157066
Puducherry,2020,Q4,Insurance,234,197955.0,845.9615384615385
Puducherry,2021,Q1,Insurance,372,351827.0,945.7715053763441
Puducherry,2021,Q2,Insurance,526,508277.0,966.3060836501901
Puducherry,2021,Q3,Insurance,561,556442.0,991.8752228163993
Puducherry,2021,Q4,Insurance,786,946607.0,1204.3346055979644
Puducherry,2022,Q1,Insurance,1199,1663404.0,1387.326105087573
Puducherry,2022,Q2,Insurance,1156,1597786.0,1382.1678200692043
Puducherry,2022,Q3,Insurance,1585,2025529.0,1277.9362776025237
Puducherry,2022,Q4,Insurance,2331,2693130.0,1155.3539253539254
Puducherry,2023,Q1,Insurance,1955,2593091.0,1326.3892583120205
Puducherry,2023,Q2,Insurance,1809,2614006.0,1445.0005527915976
Puducherry,2023,Q3,Insurance,2232,2891647.0,1295.540770609319
Puducherry,2023,Q4,Insurance,2447,3419395.0,1397.3825091949325
Punjab,2020,Q2,Insurance,2036,399452.0,196.19449901768172
Punjab,2020,Q3,Insurance,2488,684753.0,275.22226688102893
Punjab,2020,Q4,Insurance,2451,1884291.0,768.7845777233782
Punjab,2021,Q1,Insurance,3783,2558380.0,676.283372984404
Punjab,2021,Q2,Insurance,4047,3768919.0,931.2871262663701
Punjab,2021,Q3,Insurance,4887,5271559.0,1078.6901984857786
Punjab,2021,Q4,Insurance,6638,9912828.0,1493.3455860198856
Punjab,2022,Q1,Insurance,7475,13155682.0,1759.9574581939798
Punjab,2022,Q2,Insurance,9175,15465367.0,1685.5985831062671
Punjab,2022,Q3,Insurance,12370,19381895.0,1566.8468067906224
Punjab,2022,Q4,Insurance,12187,21727831.0,1782.8695331090507
Punjab,2023,Q1,Insurance,10816,23330966.0,2157.0789571005917
Punjab,2023,Q2,Insurance,13187,24998175.0,1895.6680822021688
Punjab,2023,Q3,Insurance,14048,24461488.0,1741.2790432801821
Punjab,2023,Q4,Insurance,13777,28715828.0,2084.330986426653
Rajasthan,2020,Q2,Insurance,5373,1095933.0,203.97040759352316
Rajasthan,2020,Q3,Insurance,15235,3758527.0,246.7034460124713
Rajasthan,2020,Q4,Insurance,12509,6471573.0,517.3533455911744
Rajasthan,2021,Q1,Insurance,17800,8074225.0,453.6081460674157
Rajasthan,2021,Q2,Insurance,18281,14357445.0,785.3752529949128
Rajasthan,2021,Q3,Insurance,16643,12793862.0,768.7233070960764
Rajasthan,2021,Q4,Insurance,19375,24455262.0,1262.2070709677419
Rajasthan,2022,Q1,Insurance,21517,31576932.0,1467.5341357996003
Rajasthan,2022,Q2,Insurance,24333,33748931.0,1386.9613693338265
Rajasthan,2022,Q3,Insurance,33975,45565544.0,1341.1491979396615
Rajasthan,2022,Q4,Insurance,40926,60792838.0,1485.4331720666569
Rajasthan,2023,Q1,Insurance,34415,61441050.0,1785.2985616736887
Rajasthan,2023,Q2,Insurance,37170,61301449.0,1649.2184288404628
Rajasthan,2023,Q3,Insurance,39960,64328784.0,1609.8294294294294
Rajasthan,2023,Q4,Insurance,49741,94701652.0,1903.8952172252266
Sikkim,2020,Q2,Insurance,21,4789.0,228.04761904761904
Sikkim,2020,Q3,Insurance,94,28000.0,297.8723404255319
Sikkim,2020,Q4,Insurance,67,70214.0,1047.9701492537313
Sikkim,2021,Q1,Insurance,122,111777.0,916.2049180327868
Sikkim,2021,Q2,Insurance,93,122064.0,1312.516129032258
Sikkim,2021,Q3,Insurance,106,140552.0,1325.9622641509434
Sikkim,2021,Q4,Insurance,195,503532.0,2582.2153846153847
Sikkim,2022,Q1,Insurance,239,685987.0,2870.2384937238494
Sikkim,2022,Q2,Insurance,160,383709.0,2398.18125
Sikkim,2022,Q3,Insurance,243,474940.0,1954.485596707819
Sikkim,2022,Q4,Insurance,306,667214.0,2180.4379084967322
Sikkim,2023,Q1,Insurance,260,688605.0,2648.480769230769
Sikkim,2023,Q2,Insurance,270,628191.0,2326.633333333333
Sikkim,2023,Q3,Insurance,251,698251.0,2781.8764940239043
Sikkim,2023,Q4,Insurance,324,793745.0,2449.83024691358
Tamil Nadu,2020,Q2,Insurance,5473,1075552.0,196.51964187831172
Tamil Nadu,2020,Q3,Insurance,8026,2257373.0,281.25753800149516
Tamil Nadu,2020,Q4,Insurance,10290,8993575.0,874.011175898931
Tamil Nadu,2021,Q1,Insurance,14406,11180849.0,776.1244620297099
Tamil Nadu,2021,Q2,Insurance,17682,16444344.0,930.0047505938243
Tamil Nadu,2021,Q3,Insurance,23107,23402918.0,1012.8064222962738
Tamil Nadu,2021,Q4,Insurance,33037,42184290.0,1276.8801646638617
Tamil Nadu,2022,Q1,Insurance,47621,64969045.0,1364.2940089456333
Tamil Nadu,2022,Q2,Insurance,46714,61835120.0,1323.6956800959026
Tamil Nadu,2022,Q3,Insurance,64356,79747520.0,1239.1621604823172
Tamil Nadu,2022,Q4,Insurance,125491,146457790.0,1167.0780374688225
Tamil Nadu,2023,Q1,Insurance,90690,116710222.0,1286.9139045098689
Tamil Nadu,2023,Q2,Insurance,79698,105328191.0,1321.5913950161862
Tamil Nadu,2023,Q3,Insurance,91069,114625593.0,1258.667526820323
Tamil Nadu,2023,Q4,Insurance,104871,139433796.0,1329.5743913951426
Telangana,2020,Q2,Insurance,19003,3419453.0,179.94279850549913
Telangana,2020,Q3,Insurance,34395,8406543.0,244.41177496729176
Telangana,2020,Q4,Insurance,20961,11339099.0,540.9617384666763
Telangana,2021,Q1,Insurance,28298,14810947.0,523.3920065022263
Telangana,2021,Q2,Insurance,28870,20935651.0,725.1697609975753
Telangana,2021,Q3,Insurance,27080,20925217.0,772.7185007385524
Telangana,2021,Q4,Insurance,34848,38845492.0,1114.7122359963269
Telangana,2022,Q1,Insurance,36325,51942016.0,1429.9247350309704
Telangana,2022,Q2,Insurance,45600,58056956.0,1273.1788596491228
Telangana,2022,Q3,Insurance,51465,64798126.0,1259.0717186437384
Telangana,2022,Q4,Insurance,64655,88544127.0,1369.4861495630655
Telangana,2023,Q1,Insurance,54508,82678207.0,1516.8086702869305
Telangana,2023,Q2,Insurance,55118,79238968.0,1437.624151819732
Telangana,2023,Q3,Insurance,61523,84397465.0,1371.803471872308
Telangana,2023,Q4,Insurance,63993,105605522.0,1650.2667791789727
Tripura,2020,Q2,Insurance,88,22054.0,250.61363636363637
Tripura,2020,Q3,Insurance,249,61642.0,247.5582329317269
Tripura,2020,Q4,Insurance,244,149765.0,613.7909836065573
Tripura,2021,Q1,Insurance,360,191531.0,532.0305555555556
Tripura,2021,Q2,Insurance,381,409934.0,1075.9422572178478
Tripura,2021,Q3,Insurance,494,649961.0,1315.7105263157894
Tripura,2021,Q4,Insurance,702,1022508.0,1456.5641025641025
Tripura,2022,Q1,Insurance,907,1493401.0,1646.5281146637267
Tripura,2022,Q2,Insurance,1021,1509105.0,1478.0656219392752
Tripura,2022,Q3,Insurance,1590,2105984.0,1324.5182389937106
Tripura,2022,Q4,Insurance,1508,2112534.0,1400.8846153846155
Tripura,2023,Q1,Insurance,1642,2404958.0,1464.6516443361754
Tripura,2023,Q2,Insurance,1563,2163813.0,1384.3973128598848
Tripura,2023,Q3,Insurance,2071,2899393.0,1399.9966199903429
Tripura,2023,Q4,Insurance,2237,3169741.0,1416.9606616003575
Uttar Pradesh,2020,Q2,Insurance,9884,1912266.0,193.47086199919062
Uttar Pradesh,2020,Q3,Insurance,18131,4436969.0,244.71727979703272
Uttar Pradesh,2020,Q4,Insurance,17470,14180417.0,811.7010303377218
Uttar Pradesh,2021,Q1,Insurance,24103,18027573.0,747.9389702526656
Uttar Pradesh,2021,Q2,Insurance,25952,25137571.0,968.6178714549939
Uttar Pradesh,2021,Q3,Insurance,32799,32641118.0,995.1863776334644
Uttar Pradesh,2021,Q4,Insurance,44132,59654951.0,1351.7391235384755
Uttar Pradesh,2022,Q1,Insurance,45996,73014969.0,1587.4199713018522
Uttar Pradesh,2022,Q2,Insurance,55133,77434953.0,1404.511871293055
Uttar Pradesh,2022,Q3,Insurance,64514,87703512.0,1359.4492978268283
Uttar Pradesh,2022,Q4,Insurance,77022,116755813.0,1515.8761522681832
Uttar Pradesh,2023,Q1,Insurance,73080,127110494.0,1739.3335249042145
Uttar Pradesh,2023,Q2,Insurance,74194,122522457.0,1651.3795859503464
Uttar Pradesh,2023,Q3,Insurance,78940,121483170.0,1538.930453508994
Uttar Pradesh,2023,Q4,Insurance,92125,165509877.0,1796.5793975576662
Uttarakhand,2020,Q2,Insurance,660,134899.0,204.39242424242425
Uttarakhand,2020,Q3,Insurance,1403,418543.0,298.320028510335
Uttarakhand,2020,Q4,Insurance,1756,1961891.0,1117.25
Uttarakhand,2021,Q1,Insurance,2607,2719327.0,1043.0866896816265
Uttarakhand,2021,Q2,Insurance,2742,3265717.0,1190.9981765134937
Uttarakhand,2021,Q3,Insurance,4111,4646571.0,1130.277548041839
Uttarakhand,2021,Q4,Insurance,5529,7849020.0,1419.6093326098753
Uttarakhand,2022,Q1,Insurance,5339,8824948.0,1652.9215208840608
Uttarakhand,2022,Q2,Insurance,5773,9168313.0,1588.1366707084705
Uttarakhand,2022,Q3,Insurance,6784,10070172.0,1484.4003537735848
Uttarakhand,2022,Q4,Insurance,8750,13817747.0,1579.1710857142857
Uttarakhand,2023,Q1,Insurance,7552,13599026.0,1800.7184851694915
Uttarakhand,2023,Q2,Insurance,8051,14034915.0,1743.2511489255994
Uttarakhand,2023,Q3,Insurance,7856,12636749.0,1608.5474796334013
Uttarakhand,2023,Q4,Insurance,10040,19045152.0,1896.9274900398407
West Bengal,2020,Q2,Insurance,7619,1432764.0,188.05145032156452
West Bengal,2020,Q3,Insurance,12596,2878482.0,228.5234995236583
West Bengal,2020,Q4,Insurance,10233,7510455.0,733.9445910290237
West Bengal,2021,Q1,Insurance,15488,11172042.0,721.3353564049587
West Bengal,2021,Q2,Insurance,15200,12396029.0,815.5282236842105
West Bengal,2021,Q3,Insurance,24839,21424337.0,862.5281613591529
West Bengal,2021,Q4,Insurance,26320,31282871.0,1188.5589285714286
West Bengal,2022,Q1,Insurance,38779,51160527.0,1319.2843291472188
West Bengal,2022,Q2,Insurance,33542,41737021.0,1244.3211794168506
West Bengal,2022,Q3,Insurance,47853,59092307.0,1234.8715232064865
West Bengal,2022,Q4,Insurance,54277,70466433.0,1298.2742782394016
West Bengal,2023,Q1,Insurance,56833,77461732.0,1362.9710203578907
West Bengal,2023,Q2,Insurance,49792,65204280.0,1309.5332583547558
West Bengal,2023,Q3,Insurance,58131,76359312.0,1313.572998916241
West Bengal,2023,Q4,Insurance,72712,100365562.0,1380.3163439322257
