Year,Quarter,State,Count,Amount,Average Transaction
2018,Q1,Puducherry,104212,165825971.36983618,1591.2368188868477
2018,Q1,Tamil Nadu,6726622,11261557697.516891,1674.177276130113
2018,Q1,Uttar Pradesh,12537805,13939970923.223106,1111.8350399629844
2018,Q1,Madhya Pradesh,8025395,8681603403.446348,1081.766492919831
2018,Q1,Andhra Pradesh,9039585,11996276391.823706,1327.0826472480435
2018,Q1,Tripura,148157,137978914.53062224,931.30202778554
2018,Q1,Lakshadweep,778,1928611.1808777403,2478.93467979144
2018,Q1,Manipur,84069,128046173.93020926,1523.108088953232
2018,Q1,Maharashtra,16387034,21711613257.725674,1324.9263568822566
2018,Q1,Dadra & Nagar Haveli & Daman & Diu,148549,175658384.10921687,1182.4945580866708
2018,Q1,Meghalaya,49571,66250259.78990036,1336.4721266446181
2018,Q1,Andaman & Nicobar Islands,6658,14631761.22198579,2197.6210907157993
2018,Q1,Haryana,4480770,6793511514.660528,1516.1482322593054
2018,Q1,Rajasthan,7591690,8926293130.726837,1175.7978962163677
2018,Q1,Ladakh,6089,12532857.771114783,2058.2784974732767
2018,Q1,Punjab,1870433,2780758224.854389,1486.6922390988552
2018,Q1,Assam,1056881,1157804456.212469,1095.4917878289696
2018,Q1,Jharkhand,2178921,2374186389.9194,1089.6156354082595
2018,Q1,Odisha,5809821,4627632210.887628,796.518896345968
2018,Q1,Bihar,5824302,6045758172.017314,1038.022783162225
2018,Q1,Kerala,1771380,2402674753.100502,1356.3858421685363
2018,Q1,Karnataka,12016899,19217895314.012802,1599.2391476380722
2018,Q1,Chandigarh,381895,613435420.8676233,1606.293407527261
2018,Q1,Telangana,8522766,13308204118.542435,1561.4888545036242
2018,Q1,Himachal Pradesh,481918,628737806.3723404,1304.6572370659333
2018,Q1,West Bengal,11710225,10625978552.140453,907.4102805147171
2018,Q1,Gujarat,5948775,7577982255.034092,1273.8727309461347
2018,Q1,Sikkim,44078,64650938.94036834,1466.73939244903
2018,Q1,Nagaland,42845,78005891.08612517,1820.6533104475473
2018,Q1,Mizoram,18561,45227219.975790836,2436.680134464244
2018,Q1,Chhattisgarh,1891514,2149155557.2367463,1136.209172777334
2018,Q1,Jammu & Kashmir,941568,1005371239.2561305,1067.7627524046384
2018,Q1,Goa,160897,303856742.34308386,1888.5171404257621
2018,Q1,Arunachal Pradesh,45497,92387336.00940911,2030.6247886543972
2018,Q1,Delhi,7122754,11211503806.91996,1574.0405757267429
2018,Q1,Uttarakhand,1246685,1508545358.5238864,1210.0453270263831
2018,Q2,Puducherry,130261,285801119.5324367,2194.0651425402593
2018,Q2,Tamil Nadu,9992128,20125844276.267662,2014.169982236783
2018,Q2,Uttar Pradesh,17710943,25720201695.701435,1452.2209063459486
2018,Q2,Madhya Pradesh,10561412,15924081066.680986,1507.7606163532855
2018,Q2,Andhra Pradesh,12353918,22883914272.633617,1852.3608682390168
2018,Q2,Tripura,214559,236891718.7161358,1104.0866088867667
2018,Q2,Lakshadweep,2132,6187809.539400538,2902.3496901503463
2018,Q2,Manipur,151721,253209721.319494,1668.9167703844162
2018,Q2,Maharashtra,22285740,36357057241.12254,1631.4045322759102
2018,Q2,Dadra & Nagar Haveli & Daman & Diu,202626,302070771.6561514,1490.779917957969
2018,Q2,Meghalaya,67857,117004667.8418316,1724.2829456331933
2018,Q2,Andaman & Nicobar Islands,11340,28338535.507953547,2498.9890218653923
2018,Q2,Haryana,6150931,11320414442.116663,1840.4391858918045
2018,Q2,Rajasthan,9973697,15559086175.75962,1560.0119169210395
2018,Q2,Ladakh,15010,47334902.5377415,3153.557797317888
2018,Q2,Punjab,2581163,4684672212.007125,1814.946290492745
2018,Q2,Assam,1663873,2350585135.537811,1412.7190810463364
2018,Q2,Jharkhand,3152080,4721575659.062912,1497.923802398071
2018,Q2,Odisha,8158144,8488310339.620239,1040.4707663434526
2018,Q2,Bihar,8632378,13506131109.672922,1564.589862685916
2018,Q2,Kerala,2308165,3886923343.44263,1683.9885118449633
2018,Q2,Karnataka,17116447,33515580081.29709,1958.0921251529064
2018,Q2,Chandigarh,479084,961223261.74473,2006.3772986464378
2018,Q2,Telangana,10764670,23017201517.652737,2138.217104440056
2018,Q2,Himachal Pradesh,687695,1183169301.3511178,1720.4855369765926
2018,Q2,West Bengal,18082446,18629183470.204285,1030.2358137944548
2018,Q2,Gujarat,7745733,12162684771.641388,1570.24322574008
2018,Q2,Sikkim,74578,143693085.52979562,1926.7489813322377
2018,Q2,Nagaland,65599,153325577.88030174,2337.315780428082
2018,Q2,Mizoram,27051,83508405.55773437,3087.07277208733
2018,Q2,Chhattisgarh,2816156,4264170443.1617327,1514.1811899488994
2018,Q2,Jammu & Kashmir,1796326,2651206236.5028934,1475.9048393793184
2018,Q2,Goa,229575,478603825.35861486,2084.738431269149
2018,Q2,Arunachal Pradesh,82157,198970192.34204656,2421.828844067414
2018,Q2,Delhi,9373723,17446299902.205147,1861.1921754254042
2018,Q2,Uttarakhand,1704122,2679755378.5510764,1572.5138097806825
2018,Q3,Puducherry,190271,417658075.4942067,2195.069535001165
2018,Q3,Tamil Nadu,15774078,29330092241.18405,1859.3855210544828
2018,Q3,Uttar Pradesh,26515356,37012114369.23937,1395.8746912256947
2018,Q3,Madhya Pradesh,17126985,24149742204.67322,1410.0404831716278
2018,Q3,Andhra Pradesh,25626061,35718044599.21416,1393.8172003576422
2018,Q3,Tripura,377703,453863388.04059243,1201.6409402112042
2018,Q3,Lakshadweep,1703,4339032.3119858485,2547.875696996975
2018,Q3,Manipur,189258,383331244.79412293,2025.4427543042987
2018,Q3,Maharashtra,31538538,52260817733.24835,1657.0463010444032
2018,Q3,Dadra & Nagar Haveli & Daman & Diu,289575,447639595.67817545,1545.8502829255822
2018,Q3,Meghalaya,110290,209853661.53439403,1902.744233696564
2018,Q3,Andaman & Nicobar Islands,16265,55557471.13431113,3415.768283695735
2018,Q3,Haryana,8262024,16375139007.627964,1981.9766933172748
2018,Q3,Rajasthan,14257098,24040768671.212967,1686.231564881785
2018,Q3,Ladakh,24864,84090977.14484604,3382.0373690816455
2018,Q3,Punjab,3462108,7065687043.821184,2040.8626893849598
2018,Q3,Assam,2351851,3811134989.9142647,1620.483181083438
2018,Q3,Jharkhand,8122621,8661571417.704563,1066.351786905306
2018,Q3,Odisha,30052155,23094515775.585766,768.4811879742323
2018,Q3,Bihar,14367804,20135804378.90174,1401.4531642345441
2018,Q3,Kerala,3134348,5323025223.875498,1698.2878812038414
2018,Q3,Karnataka,25980261,48225091755.80772,1856.2204496639858
2018,Q3,Chandigarh,616936,1369354447.5343118,2219.605352150485
2018,Q3,Telangana,19332703,32030093209.72354,1656.7829759616925
2018,Q3,Himachal Pradesh,886754,1754041432.858025,1978.0473872776724
2018,Q3,West Bengal,53705416,41843934183.177635,779.1380702307126
2018,Q3,Gujarat,11334149,17866404426.27552,1576.3339996920386
2018,Q3,Sikkim,108500,235080226.95331776,2166.6380364361085
2018,Q3,Nagaland,94371,241792742.9366532,2562.1509037379406
2018,Q3,Mizoram,39316,116600738.12539022,2965.732478517403
2018,Q3,Chhattisgarh,3859604,6302307073.446348,1632.8895589926708
2018,Q3,Jammu & Kashmir,2303961,3934700999.457677,1707.7984390611111
2018,Q3,Goa,339511,713166969.2382338,2100.5710249100434
2018,Q3,Arunachal Pradesh,131146,331726406.7413912,2529.443572365083
2018,Q3,Delhi,18547048,27375846860.618515,1476.0217831224957
2018,Q3,Uttarakhand,2229132,3726573039.8585143,1671.759698330343
2018,Q4,Puducherry,307964,625691665.4234949,2031.7039180667057
2018,Q4,Tamil Nadu,22457444,43302073975.890976,1928.183544658554
2018,Q4,Uttar Pradesh,36100767,55096743575.91497,1526.1931575003648
2018,Q4,Madhya Pradesh,21397555,33905608072.964783,1584.5552481563798
2018,Q4,Andhra Pradesh,30759548,51473779406.840416,1673.4244406595446
2018,Q4,Tripura,448059,624885599.4644469,1394.6502569180552
2018,Q4,Lakshadweep,1642,4463213.698222831,2718.1569416704206
2018,Q4,Manipur,236110,605683559.3060112,2565.2600876964602
2018,Q4,Maharashtra,46090223,79518937047.82959,1725.2886159355226
2018,Q4,Dadra & Nagar Haveli & Daman & Diu,404082,658750616.8008878,1630.2399433800265
2018,Q4,Meghalaya,161132,337585679.00467324,2095.087747962374
2018,Q4,Andaman & Nicobar Islands,23758,90548336.07445517,3811.2777201134427
2018,Q4,Haryana,12950183,25390876016.455025,1960.6577000846262
2018,Q4,Rajasthan,20959723,37909087083.33885,1808.663553585076
2018,Q4,Ladakh,35211,135522842.49263746,3848.8779782635384
2018,Q4,Punjab,4887137,10781982573.649624,2206.196096743272
2018,Q4,Assam,3734172,5888022859.01307,1576.7947644117812
2018,Q4,Jharkhand,6284043,10241916641.12223,1629.8291786230984
2018,Q4,Odisha,21142798,23429869571.55922,1108.1726066511735
2018,Q4,Bihar,15732401,28397997168.57623,1805.0644125188667
2018,Q4,Kerala,4310654,7747361236.812299,1797.2588931545652
2018,Q4,Karnataka,44812071,73008386576.05942,1629.2125078543997
2018,Q4,Chandigarh,905116,2032591591.779975,2245.669717229587
2018,Q4,Telangana,28921154,49509088448.04927,1711.8642101227797
2018,Q4,Himachal Pradesh,1307883,2621298968.1392584,2004.2304763799655
2018,Q4,West Bengal,36513548,40489619211.70402,1108.8930391454705
2018,Q4,Gujarat,14733303,24830987102.78186,1685.3645854416936
2018,Q4,Sikkim,154533,383141358.07825375,2479.3497704584374
2018,Q4,Nagaland,139333,388013467.5456239,2784.7923144238903
2018,Q4,Mizoram,55242,190426852.52952954,3447.1389980364493
2018,Q4,Chhattisgarh,5365844,9416412664.971258,1754.8800645287597
2018,Q4,Jammu & Kashmir,2721310,5664720265.697432,2081.615202125973
2018,Q4,Goa,514755,1153005078.9224057,2239.91040188518
2018,Q4,Arunachal Pradesh,176429,504040029.0917605,2856.9001076453446
2018,Q4,Delhi,29187719,39722857618.706436,1360.94422516218
2018,Q4,Uttarakhand,3178761,5654272137.963844,1778.7660468855142
2019,Q1,Puducherry,501092,906473024.3065231,1808.9952030894988
2019,Q1,Tamil Nadu,32275045,56204036816.128555,1741.4084725870578
2019,Q1,Uttar Pradesh,57324504,76524180134.0167,1334.929651271238
2019,Q1,Madhya Pradesh,37301049,48070279522.04201,1288.7111974261638
2019,Q1,Andhra Pradesh,57264522,83760595917.0792,1462.6961509794703
2019,Q1,Tripura,580926,756894941.6158216,1302.911113663051
2019,Q1,Lakshadweep,2481,8786130.479338994,3541.3665777263177
2019,Q1,Manipur,265409,659898060.4240801,2486.343946226692
2019,Q1,Maharashtra,75079069,111420690920.33997,1484.0446532486967
2019,Q1,Dadra & Nagar Haveli & Daman & Diu,661814,843369776.0499002,1274.330515900087
2019,Q1,Meghalaya,208741,399037162.15343595,1911.6376857130892
2019,Q1,Andaman & Nicobar Islands,30486,102299740.67348987,3355.6301473951935
2019,Q1,Haryana,22135775,34051655721.631077,1538.308720685455
2019,Q1,Rajasthan,43956040,61141158575.55252,1390.9614827803532
2019,Q1,Ladakh,46145,152859920.9491272,3312.599868872623
2019,Q1,Punjab,7172137,13574490001.853222,1892.6702044109338
2019,Q1,Assam,4533005,8002099536.451059,1765.2968696154228
2019,Q1,Jharkhand,9387708,13627236449.278034,1451.6042093850847
2019,Q1,Odisha,34031942,35427127930.698456,1040.9963654351097
2019,Q1,Bihar,26356234,41502827514.52612,1574.6873212055305
2019,Q1,Kerala,6469039,10235031134.849785,1582.1563504022445
2019,Q1,Karnataka,86587609,117976382145.74966,1362.5088336340325
2019,Q1,Chandigarh,1274476,2396032050.444029,1880.0134725518792
2019,Q1,Telangana,65290702,95523262035.66321,1463.0454124335072
2019,Q1,Himachal Pradesh,2168718,3381481442.991081,1559.2075332021411
2019,Q1,West Bengal,47626388,50164672623.87851,1053.2957616663793
2019,Q1,Gujarat,24991451,35856080308.47724,1434.7338339209373
2019,Q1,Sikkim,240287,457993634.3840939,1906.0275186926212
2019,Q1,Nagaland,168579,441941712.41233104,2621.5703759799917
2019,Q1,Mizoram,70306,218160895.39740258,3103.01959146307
2019,Q1,Chhattisgarh,7887669,12544556385.328796,1590.400964509134
2019,Q1,Jammu & Kashmir,3584987,5951835476.521047,1660.211174132862
2019,Q1,Goa,738812,1475323397.276577,1996.886078294041
2019,Q1,Arunachal Pradesh,226506,609950106.3139492,2692.865117541916
2019,Q1,Delhi,47007327,58469131789.49733,1243.830175442593
2019,Q1,Uttarakhand,5546001,7183529175.274033,1295.2628705393367
2019,Q2,Puducherry,580077,1211446910.127807,2088.4243128546846
2019,Q2,Tamil Nadu,32171737,64207676025.75553,1995.7789666674053
2019,Q2,Uttar Pradesh,58883500,98917519370.67831,1679.8851863540433
2019,Q2,Madhya Pradesh,40846013,68334566380.56182,1672.9800869563896
2019,Q2,Andhra Pradesh,56409015,113634518758.22931,2014.474437432196
2019,Q2,Tripura,532558,841821482.8473747,1580.7132422146972
2019,Q2,Lakshadweep,2926,9242524.13698889,3158.7573947330447
2019,Q2,Manipur,257425,722789942.1495004,2807.769028452949
2019,Q2,Maharashtra,101149853,153294470088.05945,1515.5184663299456
2019,Q2,Dadra & Nagar Haveli & Daman & Diu,489656,824441276.56507,1683.715254311333
2019,Q2,Meghalaya,232286,492931289.1072781,2122.087810316929
2019,Q2,Andaman & Nicobar Islands,33689,120254709.6756632,3569.5541475159016
2019,Q2,Haryana,22741816,42501539813.21669,1868.8718532071796
2019,Q2,Rajasthan,50009286,89107313172.66756,1781.815344707532
2019,Q2,Ladakh,68772,259255506.9974248,3769.78286217392
2019,Q2,Punjab,8509830,18614793394.772213,2187.4459765673596
2019,Q2,Assam,5454929,10954969189.126175,2008.2698031681393
2019,Q2,Jharkhand,10128211,18622701305.54623,1838.6960249491476
2019,Q2,Odisha,29512024,44754854871.67608,1516.495611133824
2019,Q2,Bihar,29960479,63132438283.54397,2107.1905520450446
2019,Q2,Kerala,7283826,13031371561.185568,1789.083314344078
2019,Q2,Karnataka,115401604,163702024226.0841,1418.5420180648798
2019,Q2,Chandigarh,1252470,2693116098.9444556,2150.243997017458
2019,Q2,Telangana,89610379,155676443182.43457,1737.259064404075
2019,Q2,Himachal Pradesh,2502306,4875883973.61058,1948.5562411673793
2019,Q2,West Bengal,47023535,57105691119.11844,1214.406597018247
2019,Q2,Gujarat,28981842,49320615219.26732,1701.776416394352
2019,Q2,Sikkim,388244,738894243.4359412,1903.1697680735342
2019,Q2,Nagaland,188753,520066682.1585048,2755.276377903953
2019,Q2,Mizoram,75671,248016708.13501447,3277.5661499783864
2019,Q2,Chhattisgarh,9389945,17002355688.82225,1810.6981125898235
2019,Q2,Jammu & Kashmir,2296355,6100142201.563448,2656.4456286434142
2019,Q2,Goa,768441,1591867103.3876143,2071.554098997339
2019,Q2,Arunachal Pradesh,258656,752655874.3550282,2909.8720863039257
2019,Q2,Delhi,57171512,81706816063.62862,1429.1526182415573
2019,Q2,Uttarakhand,4813275,8588532850.9184885,1784.3428540689008
2019,Q3,Puducherry,716826,1460708357.4554102,2037.7446653098664
2019,Q3,Tamil Nadu,41410183,78959604643.63503,1906.767826735637
2019,Q3,Uttar Pradesh,68623959,111268137475.02843,1621.4182203482085
2019,Q3,Madhya Pradesh,53610411,77676321491.22867,1448.9036745349456
2019,Q3,Andhra Pradesh,76288614,139447944254.78943,1827.8998259791354
2019,Q3,Tripura,711717,1017377422.817224,1429.4690485364604
2019,Q3,Lakshadweep,3104,9651761.463768471,3109.459234461492
2019,Q3,Manipur,345008,863552002.562933,2502.9912424144745
2019,Q3,Maharashtra,148735581,199617506744.94272,1342.0965272925698
2019,Q3,Dadra & Nagar Haveli & Daman & Diu,638751,961471473.8483732,1505.236741466351
2019,Q3,Meghalaya,306550,612218602.153532,1997.1247827549569
2019,Q3,Andaman & Nicobar Islands,33770,114071776.08729392,3377.9027565085557
2019,Q3,Haryana,30343531,52489119199.44011,1729.8289773672059
2019,Q3,Rajasthan,67303617,112468290031.92343,1671.0586302059135
2019,Q3,Ladakh,92396,331129527.19382226,3583.8080349130078
2019,Q3,Punjab,10706812,22905815605.843315,2139.3684325309264
2019,Q3,Assam,5942571,12950443620.426579,2179.266115697495
2019,Q3,Jharkhand,14220647,21465973993.35938,1509.493484604419
2019,Q3,Odisha,41422272,57304577359.217094,1383.4242930763694
2019,Q3,Bihar,32139900,67692783254.273834,2106.191470859394
2019,Q3,Kerala,9286096,16429809722.064445,1769.29139242847
2019,Q3,Karnataka,170733735,214536720438.18292,1256.5572962963818
2019,Q3,Chandigarh,1506543,3269682087.6608405,2170.3211177250437
2019,Q3,Telangana,121495376,201930021130.42365,1662.0387357822049
2019,Q3,Himachal Pradesh,2735180,5572018781.123304,2037.1671265230457
2019,Q3,West Bengal,66444829,70540532616.82985,1061.640667580465
2019,Q3,Gujarat,38228649,59462694964.26753,1555.4485057598433
2019,Q3,Sikkim,552436,884716448.4404289,1601.4822503247958
2019,Q3,Nagaland,261878,650956471.7134112,2485.724160538156
2019,Q3,Mizoram,98094,278793899.9513421,2842.1096086543735
2019,Q3,Chhattisgarh,12243111,19803259167.45372,1617.5022155278768
2019,Q3,Jammu & Kashmir,1116526,3744230491.7824554,3353.4646678917065
2019,Q3,Goa,1092416,2000367191.496843,1831.1405101141352
2019,Q3,Arunachal Pradesh,370234,912645034.7958709,2465.0492250735233
2019,Q3,Delhi,69537876,103196812046.45712,1484.0374481161477
2019,Q3,Uttarakhand,5710476,9729032070.017406,1703.7164800302824
2019,Q4,Puducherry,1012655,1932028317.878899,1907.8840452858071
2019,Q4,Tamil Nadu,56596411,103190865512.53719,1823.2757817900713
2019,Q4,Uttar Pradesh,86905005,145538926507.3059,1674.6898122531138
2019,Q4,Madhya Pradesh,68131989,104687926790.86589,1536.545877016241
2019,Q4,Andhra Pradesh,107218103,200948315488.80518,1874.201369602717
2019,Q4,Tripura,801824,1215400160.2581887,1515.794189570515
2019,Q4,Lakshadweep,3765,11269913.40492385,2993.3368937380747
2019,Q4,Manipur,449344,1200897682.088641,2672.5575107014693
2019,Q4,Maharashtra,201260620,272994428799.5649,1356.4224774800202
2019,Q4,Dadra & Nagar Haveli & Daman & Diu,768971,1226641262.0110402,1595.172330310298
2019,Q4,Meghalaya,365981,742436471.7902198,2028.6202611343751
2019,Q4,Andaman & Nicobar Islands,35159,136838530.5173779,3891.991538933926
2019,Q4,Haryana,37825985,69359719869.10008,1833.6527090860973
2019,Q4,Rajasthan,85074242,159452410049.68317,1874.273649710369
2019,Q4,Ladakh,84706,324689360.02811134,3833.1329543138777
2019,Q4,Punjab,13698625,29989802246.19331,2189.256384943256
2019,Q4,Assam,6760510,15281983895.512564,2260.4779662351752
2019,Q4,Jharkhand,18248618,28147748376.677704,1542.4591811104656
2019,Q4,Odisha,64995633,79769373632.04843,1227.3035887203134
2019,Q4,Bihar,43530314,93313426577.80905,2143.6423954536385
2019,Q4,Kerala,12498637,21151326637.805134,1692.2906583978024
2019,Q4,Karnataka,237796252,295047143447.23846,1240.7560714928277
2019,Q4,Chandigarh,1850915,4152513817.939354,2243.4924445149313
2019,Q4,Telangana,163572258,280746765547.7425,1716.3470687538133
2019,Q4,Himachal Pradesh,3516646,7271163537.248161,2067.641592940592
2019,Q4,West Bengal,96805838,88203610254.64601,911.1393700723505
2019,Q4,Gujarat,42547632,76690662054.91542,1802.4660468746044
2019,Q4,Sikkim,767070,1176509601.6562185,1533.7708444551586
2019,Q4,Nagaland,317170,834537138.3487777,2631.198216567701
2019,Q4,Mizoram,125239,368689350.6344881,2943.886094862528
2019,Q4,Chhattisgarh,16305758,27143788737.21397,1664.6750636930813
2019,Q4,Jammu & Kashmir,489928,1929695997.8225975,3938.7338503261653
2019,Q4,Goa,1515272,2923460348.4994645,1929.3304096554707
2019,Q4,Arunachal Pradesh,459475,1190573179.5272837,2591.1598662109664
2019,Q4,Delhi,80744997,129024467424.89062,1597.925224084046
2019,Q4,Uttarakhand,7362116,12573706305.150612,1707.8929896174702
2020,Q1,Puducherry,1207921,2205277477.079584,1825.6802200471589
2020,Q1,Tamil Nadu,66953473,116569686179.4346,1741.0551082157397
2020,Q1,Uttar Pradesh,97239132,172416434960.69037,1773.1177913094737
2020,Q1,Madhya Pradesh,79366746,126737281436.18526,1596.8562127542089
2020,Q1,Andhra Pradesh,127677357,252737214289.0485,1979.4991079667202
2020,Q1,Tripura,924502,1588778806.3885012,1718.5239257335313
2020,Q1,Lakshadweep,5151,13502368.57450421,2621.3101484186004
2020,Q1,Manipur,818801,2598590380.8769474,3173.6531597750213
2020,Q1,Maharashtra,238944081,319995196718.0683,1339.2053713105715
2020,Q1,Dadra & Nagar Haveli & Daman & Diu,878579,1342763369.292519,1528.3353793939066
2020,Q1,Meghalaya,502283,1120134840.9078057,2230.0871040982984
2020,Q1,Andaman & Nicobar Islands,41298,161476312.2972747,3910.0274177266383
2020,Q1,Haryana,44036087,81976214558.24355,1861.5690026737286
2020,Q1,Rajasthan,102258812,190308238561.00217,1861.044880523374
2020,Q1,Ladakh,116419,377639677.4457431,3243.7976399534705
2020,Q1,Punjab,15217784,31374185265.899654,2061.678971517775
2020,Q1,Assam,8808860,20668428347.72898,2346.322719140613
2020,Q1,Jharkhand,18282713,33611232153.269115,1838.4160027709845
2020,Q1,Odisha,53682307,91956798199.33679,1712.981489400908
2020,Q1,Bihar,45081815,109256853527.24524,2423.5238427566687
2020,Q1,Kerala,15733522,26451084830.93425,1681.1928588484034
2020,Q1,Karnataka,271033890,353402054999.4004,1303.9035634968025
2020,Q1,Chandigarh,2262511,5126453070.016205,2265.82459489311
2020,Q1,Telangana,199409525,371343780368.2118,1862.216864355962
2020,Q1,Himachal Pradesh,4144480,7419466751.122733,1790.2045011974321
2020,Q1,West Bengal,66250381,96653305190.9406,1458.9094240973589
2020,Q1,Gujarat,47326417,86995076621.90231,1838.1927501907087
2020,Q1,Sikkim,528118,1053476271.9444009,1994.774410159095
2020,Q1,Nagaland,378051,894780028.7343724,2366.823599816883
2020,Q1,Mizoram,153609,392077579.3496374,2552.438850260319
2020,Q1,Chhattisgarh,19523991,32860597671.356686,1683.0881386575463
2020,Q1,Jammu & Kashmir,921630,2937643176.534005,3187.4430916246274
2020,Q1,Goa,1881237,3410371231.9237647,1812.8344445297241
2020,Q1,Arunachal Pradesh,567175,1381758681.3301477,2436.2122472431747
2020,Q1,Delhi,81747604,133616543642.58943,1634.5010386186907
2020,Q1,Uttarakhand,9131784,16158080258.987526,1769.4330329087422
2020,Q2,Puducherry,1033383,1960030980.4875922,1896.713010072347
2020,Q2,Tamil Nadu,51870110,95826508896.84135,1847.4321511336943
2020,Q2,Uttar Pradesh,100851965,178744016130.31216,1772.3404410644073
2020,Q2,Madhya Pradesh,76340573,147922015289.08447,1937.6592220375983
2020,Q2,Andhra Pradesh,144917855,302583689746.5449,2087.966936486501
2020,Q2,Tripura,1052520,1769175883.585958,1680.8952643046764
2020,Q2,Lakshadweep,7220,16942922.08594439,2346.665108856564
2020,Q2,Manipur,1083068,3198936212.8055243,2953.5875981983813
2020,Q2,Maharashtra,184790761,296359517159.41614,1603.757220088596
2020,Q2,Dadra & Nagar Haveli & Daman & Diu,973152,1302376453.8880572,1338.307329058623
2020,Q2,Meghalaya,635395,1153735154.3383913,1815.7762562475173
2020,Q2,Andaman & Nicobar Islands,62962,169645001.41414702,2694.402995682269
2020,Q2,Haryana,41781050,80711264923.94525,1931.7672706632613
2020,Q2,Rajasthan,101954656,193763273003.28284,1900.4847900549323
2020,Q2,Ladakh,155010,523792998.6520228,3379.091662808998
2020,Q2,Punjab,14081294,30284654252.21334,2150.7010827423487
2020,Q2,Assam,10505199,19766300125.91926,1881.5731264033416
2020,Q2,Jharkhand,20141511,37486201975.923416,1861.1414990624792
2020,Q2,Odisha,50028576,91733036612.10583,1833.6127858627403
2020,Q2,Bihar,53386742,128806523628.85287,2412.706203889589
2020,Q2,Kerala,16287967,25894078478.599953,1589.7673711274067
2020,Q2,Karnataka,213221712,321104877020.14185,1505.967070652457
2020,Q2,Chandigarh,1528010,3847015729.690074,2517.6639745093776
2020,Q2,Telangana,152055143,321531839352.4224,2114.573917124411
2020,Q2,Himachal Pradesh,4695730,8036904762.544065,1711.5346841798964
2020,Q2,West Bengal,57676797,100099431877.35757,1735.5234181495475
2020,Q2,Gujarat,47420185,80387846359.49454,1695.2242248631999
2020,Q2,Sikkim,517731,1054618788.2612653,2037.0014317498185
2020,Q2,Nagaland,517566,1137674504.3478017,2198.124498803634
2020,Q2,Mizoram,198462,457193433.4423174,2303.6824855252767
2020,Q2,Chhattisgarh,18820925,32268382206.900894,1714.495021201184
2020,Q2,Jammu & Kashmir,2635006,8265648939.258666,3136.861524891657
2020,Q2,Goa,1482092,2183616430.016773,1473.3339293490371
2020,Q2,Arunachal Pradesh,808774,1826716832.9849606,2258.624576191817
2020,Q2,Delhi,66042018,107873438203.33162,1633.4061476336417
2020,Q2,Uttarakhand,9047770,16094187702.100985,1778.8015944371912
2020,Q3,Puducherry,1730902,3598080229.434597,2078.731337438282
2020,Q3,Tamil Nadu,70277825,143841415498.65747,2046.7539440592743
2020,Q3,Uttar Pradesh,127405259,248689955423.05322,1951.9598906278525
2020,Q3,Madhya Pradesh,108579881,205701679984.53757,1894.4732494644893
2020,Q3,Andhra Pradesh,204902935,467084130584.93884,2279.538507269009
2020,Q3,Tripura,1317885,2341819516.215885,1776.9528572036902
2020,Q3,Lakshadweep,8589,21306833.308656827,2480.711760234815
2020,Q3,Manipur,1420168,4615976120.870485,3250.3028661894123
2020,Q3,Maharashtra,268310924,440307079012.4761,1641.0329942901471
2020,Q3,Dadra & Nagar Haveli & Daman & Diu,1138312,1749789114.9993598,1537.1788358546337
2020,Q3,Meghalaya,597579,1237059001.3830369,2070.117928145127
2020,Q3,Andaman & Nicobar Islands,117483,338019446.3303601,2877.1775178567123
2020,Q3,Haryana,57938179,109567950445.72871,1891.11829775887
2020,Q3,Rajasthan,149088676,293678306162.4698,1969.8230210486931
2020,Q3,Ladakh,228222,835487500.058193,3660.8543438327283
2020,Q3,Punjab,17209573,40123092147.81354,2331.440306381427
2020,Q3,Assam,12397711,29831391259.543846,2406.201536682364
2020,Q3,Jharkhand,27068473,50622615820.01348,1870.1688794936265
2020,Q3,Odisha,66033829,122463943804.29193,1854.5637237588014
2020,Q3,Bihar,71503748,173328865111.8144,2424.0528637997327
2020,Q3,Kerala,21758680,40164150651.95372,1845.8909571699073
2020,Q3,Karnataka,300360531,470740515696.6945,1567.2515763953504
2020,Q3,Chandigarh,2158086,5089809353.36507,2358.483097228317
2020,Q3,Telangana,236372126,505961144755.88367,2140.5279603733125
2020,Q3,Himachal Pradesh,5489876,10516054014.086905,1915.5357997315248
2020,Q3,West Bengal,79954504,156813355855.1383,1961.282329449987
2020,Q3,Gujarat,59290179,111921752484.70932,1887.6946295727885
2020,Q3,Sikkim,596435,1400926728.6603994,2348.8338690056744
2020,Q3,Nagaland,736319,2009649143.1547942,2729.318601251352
2020,Q3,Mizoram,254703,707944175.5046022,2779.4889557822335
2020,Q3,Chhattisgarh,24148539,41526744807.53401,1719.637979238993
2020,Q3,Jammu & Kashmir,3465898,11977229760.872362,3455.736366411349
2020,Q3,Goa,1915531,3368343580.9446573,1758.438564003745
2020,Q3,Arunachal Pradesh,962827,2609938565.55822,2710.703548569182
2020,Q3,Delhi,96491861,175163962804.6604,1815.3237069876848
2020,Q3,Uttarakhand,11818935,22103510968.006454,1870.1778940324534
2020,Q4,Puducherry,2716003,4930526217.671207,1815.3611088320622
2020,Q4,Tamil Nadu,111179701,206473197500.99268,1857.1123653318034
2020,Q4,Uttar Pradesh,178167517,357428826778.2578,2006.1391256760783
2020,Q4,Madhya Pradesh,153652541,284275139772.3589,1850.1167499231847
2020,Q4,Andhra Pradesh,286118552,654841546033.3186,2288.707046278211
2020,Q4,Tripura,1651890,3182130996.2213116,1926.3576849677106
2020,Q4,Lakshadweep,11650,30111317.917080387,2584.662482152823
2020,Q4,Manipur,1627852,5602224558.458768,3441.4827382702897
2020,Q4,Maharashtra,407621004,622155530832.2585,1526.308813154924
2020,Q4,Dadra & Nagar Haveli & Daman & Diu,1817791,2700511100.828503,1485.6004352692378
2020,Q4,Meghalaya,754008,1804242572.1989727,2392.869269555459
2020,Q4,Andaman & Nicobar Islands,224531,627282656.3148524,2793.7463259632405
2020,Q4,Haryana,83171439,159998504366.53964,1923.7193234872327
2020,Q4,Rajasthan,190283435,386034779836.48376,2028.7356061050914
2020,Q4,Ladakh,332134,1111963470.5079594,3347.9362862819203
2020,Q4,Punjab,22997925,53775406479.553894,2338.272104094343
2020,Q4,Assam,15423454,40226611319.263756,2608.145446491023
2020,Q4,Jharkhand,39431633,72805174830.04245,1846.3646897414178
2020,Q4,Odisha,92324950,178302663014.6175,1931.2511191678684
2020,Q4,Bihar,96591673,238905613136.47186,2473.356198483816
2020,Q4,Kerala,33288187,56755256647.011795,1704.9668895158452
2020,Q4,Karnataka,431536984,658036698565.0032,1524.8674458108628
2020,Q4,Chandigarh,2912716,6146762901.349345,2110.320024797936
2020,Q4,Telangana,343643787,696350439226.9453,2026.3728476107885
2020,Q4,Himachal Pradesh,7272328,13989053108.813015,1923.6004081241956
2020,Q4,West Bengal,100340645,199165491365.6468,1984.8934732843982
2020,Q4,Gujarat,77828547,148393060112.4366,1906.6662019584744
2020,Q4,Sikkim,735035,1919275805.122922,2611.135259032457
2020,Q4,Nagaland,847825,2773084870.5627017,3270.822245820425
2020,Q4,Mizoram,322607,986522115.6939572,3057.9687226066303
2020,Q4,Chhattisgarh,35529636,62214974283.94806,1751.0726618180963
2020,Q4,Jammu & Kashmir,5754444,15380905803.378227,2672.874356476182
2020,Q4,Goa,3801381,6899792747.579928,1815.0752969986245
2020,Q4,Arunachal Pradesh,1209129,3570264021.8456187,2952.756919936267
2020,Q4,Delhi,120540417,216265088224.5436,1794.1292523033467
2020,Q4,Uttarakhand,17613271,31792739329.110085,1805.044578551598
2021,Q1,Puducherry,3309432,5899309571.743641,1782.5746447558497
2021,Q1,Tamil Nadu,136556674,248668143873.65317,1820.988579977081
2021,Q1,Uttar Pradesh,204499547,396287587577.5575,1937.840906696764
2021,Q1,Madhya Pradesh,201998498,343533954382.3015,1700.6757861254073
2021,Q1,Andhra Pradesh,289747970,672444670176.5881,2320.79165274769
2021,Q1,Tripura,1511423,3335341569.793424,2206.755865031447
2021,Q1,Lakshadweep,9085,27042782.914081153,2976.6409371580794
2021,Q1,Manipur,2303535,7070287514.479244,3069.32063740262
2021,Q1,Maharashtra,517860240,769887352153.2483,1486.6701335349635
2021,Q1,Dadra & Nagar Haveli & Daman & Diu,1925244,2965632911.1935043,1540.3932754463872
2021,Q1,Meghalaya,747646,2055515277.9898345,2749.316224509774
2021,Q1,Andaman & Nicobar Islands,244752,783706567.3897561,3202.0435681414497
2021,Q1,Haryana,90252784,168938301082.4288,1871.8347910733569
2021,Q1,Rajasthan,252730919,491492581657.63354,1944.726761578521
2021,Q1,Ladakh,275415,983419813.2468786,3570.683562067711
2021,Q1,Punjab,26770835,58690887091.106735,2192.3442840354714
2021,Q1,Assam,19512060,51326464546.12217,2630.4995241979664
2021,Q1,Jharkhand,44621663,83749353123.13824,1876.87655485046
2021,Q1,Odisha,111460358,213397736188.33783,1914.561733135092
2021,Q1,Bihar,114932477,280973649701.2259,2444.684540308184
2021,Q1,Kerala,42316342,69260970161.89497,1636.7428489422591
2021,Q1,Karnataka,523797492,754995357412.3948,1441.3878816594158
2021,Q1,Chandigarh,3970237,7596420859.545994,1913.341913731093
2021,Q1,Telangana,412572110,799359264046.5657,1937.5019412886772
2021,Q1,Himachal Pradesh,7614029,14120546909.487547,1854.5433579892522
2021,Q1,West Bengal,118254052,242937207475.5198,2054.366876794377
2021,Q1,Gujarat,94774565,183700780713.44968,1938.2919954678734
2021,Q1,Sikkim,800189,2217667726.8407273,2771.4299082350885
2021,Q1,Nagaland,975897,3107450484.613187,3184.199238867613
2021,Q1,Mizoram,329575,1101105586.9459367,3340.9863822982225
2021,Q1,Chhattisgarh,39436437,69409843261.55008,1760.0434659335497
2021,Q1,Jammu & Kashmir,6997570,17138349893.151793,2449.1859164183843
2021,Q1,Goa,5331549,9757242879.021431,1830.095321082378
2021,Q1,Arunachal Pradesh,1177456,3813779079.0166435,3238.9992314079195
2021,Q1,Delhi,157359004,266928345043.49225,1696.3016939500471
2021,Q1,Uttarakhand,20608402,36288189399.89833,1760.8444070480734
2021,Q2,Puducherry,3751387,6498834696.543897,1732.3818354501673
2021,Q2,Tamil Nadu,146158442,263487341026.54623,1802.751434819935
2021,Q2,Uttar Pradesh,241949131,482172489166.39343,1992.8672079685768
2021,Q2,Madhya Pradesh,223314680,425500768035.631,1905.386461990009
2021,Q2,Andhra Pradesh,352767134,850737499108.2986,2411.6121291171603
2021,Q2,Tripura,1744429,3468154361.036266,1988.1315668544066
2021,Q2,Lakshadweep,11384,27383463.657951534,2405.434263699186
2021,Q2,Manipur,3086275,7889827962.396657,2556.424156109438
2021,Q2,Maharashtra,573616486,915115055623.7152,1595.3430174315374
2021,Q2,Dadra & Nagar Haveli & Daman & Diu,2125083,3157668461.418905,1485.9035912568613
2021,Q2,Meghalaya,909594,2193617254.8905916,2411.644376381761
2021,Q2,Andaman & Nicobar Islands,341414,899147016.1122956,2633.5973806355205
2021,Q2,Haryana,105680856,200357354238.6818,1895.8717957269555
2021,Q2,Rajasthan,287477039,561702765169.2324,1953.9047957469481
2021,Q2,Ladakh,399716,1427259095.4703174,3570.682923551515
2021,Q2,Punjab,32171248,69531058562.6159,2161.279492875623
2021,Q2,Assam,25432905,59192473376.66449,2327.3972586562363
2021,Q2,Jharkhand,54002145,104432643311.45735,1933.8610218438055
2021,Q2,Odisha,131824337,245864117477.27853,1865.088974255782
2021,Q2,Bihar,155603622,374580255186.58875,2407.2720825649467
2021,Q2,Kerala,47191033,74226806436.15614,1572.9006490736522
2021,Q2,Karnataka,530649046,837887151230.051,1578.9855037825716
2021,Q2,Chandigarh,4417547,8417673939.9361,1905.5086318122026
2021,Q2,Telangana,495867544,1027958332797.5902,2073.0502434286973
2021,Q2,Himachal Pradesh,9483902,16495634539.809265,1739.329923464969
2021,Q2,West Bengal,141897437,279434811058.5615,1969.273138165008
2021,Q2,Gujarat,111841396,210162054552.1156,1879.1079338111588
2021,Q2,Sikkim,976714,2424899579.6753,2482.7120115768794
2021,Q2,Nagaland,1130791,3156293963.781851,2791.2266402738
2021,Q2,Mizoram,394340,1122874473.3020918,2847.4779969115275
2021,Q2,Chhattisgarh,44689420,78728771259.22594,1761.6870225486466
2021,Q2,Jammu & Kashmir,10027819,22813755428.591625,2275.0465907483594
2021,Q2,Goa,4710135,8012853587.075999,1701.1940394651108
2021,Q2,Arunachal Pradesh,1568338,4456425616.994377,2841.4956578201745
2021,Q2,Delhi,170157264,281941097684.5416,1656.9442353312734
2021,Q2,Uttarakhand,24000432,40990817874.83847,1707.9200022248963
2021,Q3,Puducherry,5121726,8729974431.01447,1704.4985286238407
2021,Q3,Tamil Nadu,204357404,365207323053.92737,1787.101009826526
2021,Q3,Uttar Pradesh,306543384,557080841279.8989,1817.2985305071825
2021,Q3,Madhya Pradesh,311443334,504412603851.499,1619.5967252633477
2021,Q3,Andhra Pradesh,432032550,984218035564.122,2278.1108404080246
2021,Q3,Tripura,2081200,4364133768.181473,2096.9314665488528
2021,Q3,Lakshadweep,13370,38803163.698768154,2902.2560732062943
2021,Q3,Manipur,3941396,10406861028.904892,2640.3997540224054
2021,Q3,Maharashtra,792874060,1159257305167.4517,1462.0951342101564
2021,Q3,Dadra & Nagar Haveli & Daman & Diu,3129470,4305939102.791508,1375.932379218049
2021,Q3,Meghalaya,1097731,2769000451.527979,2522.476318449583
2021,Q3,Andaman & Nicobar Islands,449764,1310024395.8016036,2912.6928695973966
2021,Q3,Haryana,140459693,240827092259.20697,1714.5637094565411
2021,Q3,Rajasthan,400284753,710511328542.4896,1775.0147194402123
2021,Q3,Ladakh,590987,2213984743.93459,3746.2494842265396
2021,Q3,Punjab,42533489,85992560840.61221,2021.761272408483
2021,Q3,Assam,33504441,75700499273.30748,2259.41687173075
2021,Q3,Jharkhand,70795702,121891015118.8533,1721.729026980385
2021,Q3,Odisha,177362674,303780718933.0267,1712.765781446364
2021,Q3,Bihar,187671113,397062760956.3983,2115.737230995152
2021,Q3,Kerala,63028266,101686161773.12894,1613.342207020719
2021,Q3,Karnataka,753296539,1133234739157.5984,1504.3673779013584
2021,Q3,Chandigarh,6649378,11815883004.693302,1776.9907207400906
2021,Q3,Telangana,622886768,1178289126292.262,1891.6586237263944
2021,Q3,Himachal Pradesh,12064167,21310262071.128155,1766.409738121841
2021,Q3,West Bengal,181712988,362457066256.5059,1994.667911445636
2021,Q3,Gujarat,149248407,272624626113.58765,1826.6501572347613
2021,Q3,Sikkim,1160594,2989336863.8083954,2575.6956039824395
2021,Q3,Nagaland,1356792,3987416848.005447,2938.8563965629564
2021,Q3,Mizoram,478529,1473748650.2119522,3079.7478318178255
2021,Q3,Chhattisgarh,64237938,104606108262.77591,1628.4163458480862
2021,Q3,Jammu & Kashmir,13151041,31598443648.03224,2402.7332625631875
2021,Q3,Goa,6467763,10478425592.936367,1620.100426211716
2021,Q3,Arunachal Pradesh,1906967,5678124175.298816,2977.5681358402194
2021,Q3,Delhi,238760608,383858316548.281,1607.7120918886294
2021,Q3,Uttarakhand,31042284,50527496783.56469,1627.6990695518632
2021,Q4,Puducherry,6368810,10423651801.230518,1636.6718117247208
2021,Q4,Tamil Nadu,259155976,443723952594.79407,1712.1887731224615
2021,Q4,Uttar Pradesh,406157932,773890970072.1896,1905.3942053067908
2021,Q4,Madhya Pradesh,404308084,656887492404.479,1624.7201537639278
2021,Q4,Andhra Pradesh,522254003,1156264447083.9226,2213.98867302492
2021,Q4,Tripura,2520693,5496929464.299448,2180.7215175745114
2021,Q4,Lakshadweep,15470,50998185.528381005,3296.5860070058825
2021,Q4,Manipur,4687439,12658472038.211857,2700.5091774446255
2021,Q4,Maharashtra,1010731502,1475358473128.29,1459.6937665531375
2021,Q4,Dadra & Nagar Haveli & Daman & Diu,4157085,5565839386.3306675,1338.8803419537169
2021,Q4,Meghalaya,1440193,3848765400.1861496,2672.395574889025
2021,Q4,Andaman & Nicobar Islands,636123,1932610101.3236554,3038.1075693280313
2021,Q4,Haryana,169686975,309240599300.4638,1822.4180099884732
2021,Q4,Rajasthan,487621597,903934418544.2667,1853.7620648994075
2021,Q4,Ladakh,630187,2153535138.7802677,3417.295404031292
2021,Q4,Punjab,52359360,110710126241.99957,2114.4285614262585
2021,Q4,Assam,46020361,104184967893.21591,2263.88854040532
2021,Q4,Jharkhand,96009042,166017119003.7058,1729.1821222807932
2021,Q4,Odisha,233925366,385251049689.91846,1646.8972829988795
2021,Q4,Bihar,245126945,519371614068.7477,2118.786305066331
2021,Q4,Kerala,81823741,123342136943.36395,1507.4125851000133
2021,Q4,Karnataka,931725438,1375471324349.8777,1476.2624999295958
2021,Q4,Chandigarh,7898903,14373583510.61845,1819.6936347513636
2021,Q4,Telangana,775989773,1463758189500.9146,1886.3111866049226
2021,Q4,Himachal Pradesh,14666864,26136220500.625923,1781.9910582538928
2021,Q4,West Bengal,225029560,462218037262.097,2054.0325336017945
2021,Q4,Gujarat,182987325,342382580053.62726,1871.0726551886983
2021,Q4,Sikkim,1584345,4196783261.6358047,2648.907442277916
2021,Q4,Nagaland,1631483,4939083784.136465,3027.3584120315472
2021,Q4,Mizoram,553329,1770665741.5230405,3200.0233884778145
2021,Q4,Chhattisgarh,84717494,136399110518.81381,1610.0465686439427
2021,Q4,Jammu & Kashmir,16790628,38926237425.771454,2318.331239651754
2021,Q4,Goa,11088759,18627257115.86965,1679.8324425546314
2021,Q4,Arunachal Pradesh,2390598,6943510352.611343,2904.507722591311
2021,Q4,Delhi,292683359,488695314062.3906,1669.7065242523427
2021,Q4,Uttarakhand,40361280,66148108159.422195,1638.9001577606607
2022,Q1,Puducherry,7359176,12083474905.386654,1641.9603098752705
2022,Q1,Tamil Nadu,294573150,512789201600.61597,1740.7873107260996
2022,Q1,Uttar Pradesh,473953246,883123174117.039,1863.312851152071
2022,Q1,Madhya Pradesh,472703058,747665139599.6421,1581.6803529111971
2022,Q1,Andhra Pradesh,582603911,1294320646554.8625,2221.613384526117
2022,Q1,Tripura,2871190,6247329764.349836,2175.8677636623966
2022,Q1,Lakshadweep,16397,54939432.65393007,3350.5783163950764
2022,Q1,Manipur,5313679,14144501078.373814,2661.9035659425067
2022,Q1,Maharashtra,1169506438,1681399273981.1614,1437.6998871904982
2022,Q1,Dadra & Nagar Haveli & Daman & Diu,4802803,6237048367.262389,1298.6267326106004
2022,Q1,Meghalaya,1674750,4662338331.33188,2783.9010785680725
2022,Q1,Andaman & Nicobar Islands,794748,2129030202.0751667,2678.874564107323
2022,Q1,Haryana,191988609,341304042652.78125,1777.7306915785887
2022,Q1,Rajasthan,564962220,1022050180980.1362,1809.0593402513468
2022,Q1,Ladakh,630015,2025040918.8422096,3214.2741344923684
2022,Q1,Punjab,57758302,118389978105.96233,2049.7482440872714
2022,Q1,Assam,58889886,132280437892.70251,2246.2335534611584
2022,Q1,Jharkhand,110911210,194700207087.16907,1755.4601296583912
2022,Q1,Odisha,263633499,451227311779.7898,1711.570469956816
2022,Q1,Bihar,284390434,611411695731.1454,2149.9024672930645
2022,Q1,Kerala,95280965,139988942464.69464,1469.222551059329
2022,Q1,Karnataka,1057855407,1566649488305.8838,1480.9675102467797
2022,Q1,Chandigarh,8600491,15174991549.840002,1764.4331643205023
2022,Q1,Telangana,886453385,1670638169828.999,1884.6317224328711
2022,Q1,Himachal Pradesh,16088180,26518447439.932728,1648.3186687327423
2022,Q1,West Bengal,260505092,551426663209.5653,2116.759634048018
2022,Q1,Gujarat,210547146,392548092253.5477,1864.4189660663828
2022,Q1,Sikkim,1744302,4367431275.863418,2503.8274770443522
2022,Q1,Nagaland,1925952,5544951708.895753,2879.070562971327
2022,Q1,Mizoram,604917,1945158963.6112473,3215.57992850465
2022,Q1,Chhattisgarh,97413292,157847045454.8349,1620.3850851774407
2022,Q1,Jammu & Kashmir,16245311,33147863626.158833,2040.4573126460202
2022,Q1,Goa,12214098,19816445402.846123,1622.4239729242488
2022,Q1,Arunachal Pradesh,2804068,7828091628.0873575,2791.691081702497
2022,Q1,Delhi,330999861,536964920836.2892,1622.2511973692012
2022,Q1,Uttarakhand,44560772,70978782500.07388,1592.8535192360196
2022,Q2,Puducherry,8643687,13778745255.768896,1594.0819300570342
2022,Q2,Tamil Nadu,354506937,590134727678.3616,1664.6634129993388
2022,Q2,Uttar Pradesh,595298776,1067515182419.9624,1793.2426967059016
2022,Q2,Madhya Pradesh,544899829,867024737328.533,1591.1635335244948
2022,Q2,Andhra Pradesh,671134030,1479853948202.9194,2205.0050840111912
2022,Q2,Tripura,3418664,6878271042.0352955,2011.9763281899875
2022,Q2,Lakshadweep,17569,55929601.98990567,3183.4254647336597
2022,Q2,Manipur,6105632,14922910635.149328,2444.122186720282
2022,Q2,Maharashtra,1407533113,2006272382175.94,1425.3820131448233
2022,Q2,Dadra & Nagar Haveli & Daman & Diu,5759771,6995159780.810846,1214.4857461886672
2022,Q2,Meghalaya,2044649,5281491421.884784,2583.079747127641
2022,Q2,Andaman & Nicobar Islands,1071217,2685920350.080267,2507.3541122669517
2022,Q2,Haryana,234699962,395234035249.5022,1683.9970142368502
2022,Q2,Rajasthan,661170150,1152833518600.3425,1743.626082635979
2022,Q2,Ladakh,1118073,3543318177.9962664,3169.1295452052473
2022,Q2,Punjab,72272823,137345426369.22662,1900.3744515310634
2022,Q2,Assam,76334725,153111042086.78204,2005.784943703957
2022,Q2,Jharkhand,132925275,225636227828.13763,1697.4666994530396
2022,Q2,Odisha,313451598,510035012340.00885,1627.1571610874635
2022,Q2,Bihar,360145029,754461454966.1152,2094.882322993594
2022,Q2,Kerala,106365322,154696329549.125,1454.3868870074496
2022,Q2,Karnataka,1277448960,1867146114059.2139,1461.6209120865494
2022,Q2,Chandigarh,10772489,17283500158.371002,1604.4110287205679
2022,Q2,Telangana,1063382557,1951414544517.1062,1835.101141796429
2022,Q2,Himachal Pradesh,21291371,33709107958.242233,1583.2286215031543
2022,Q2,West Bengal,315742141,648575179584.2422,2054.129288951145
2022,Q2,Gujarat,252052796,446798000976.83795,1772.6365589566321
2022,Q2,Sikkim,2322081,5611105670.307129,2416.412549909813
2022,Q2,Nagaland,2031329,5740285349.020275,2825.8767284966025
2022,Q2,Mizoram,643977,2003186567.1089382,3110.649242300483
2022,Q2,Chhattisgarh,116584048,181181677163.7799,1554.0863460477879
2022,Q2,Jammu & Kashmir,23813747,46254290836.635826,1942.3356952870888
2022,Q2,Goa,14216054,22873037759.520226,1608.9582776992986
2022,Q2,Arunachal Pradesh,3556925,9131665374.225872,2567.2920779116434
2022,Q2,Delhi,410634184,629855650458.2181,1533.8607329832485
2022,Q2,Uttarakhand,58166878,88313371025.334,1518.2759340347268
2022,Q3,Puducherry,7042727,10854317711.140945,1541.2094933029416
2022,Q3,Tamil Nadu,393496175,631879220373.2378,1605.80778294284
2022,Q3,Uttar Pradesh,703589072,1121370050898.7214,1593.7854857682062
2022,Q3,Madhya Pradesh,731259559,1032908494249.5833,1412.505972109396
2022,Q3,Andhra Pradesh,642855035,1385077409712.0752,2154.5719241540596
2022,Q3,Tripura,4256579,8648352804.91115,2031.761375722417
2022,Q3,Lakshadweep,15241,47580009.61750026,3121.843029820895
2022,Q3,Manipur,6352742,15381430267.299776,2421.2269705427634
2022,Q3,Maharashtra,1486389417,1947579187374.532,1310.2751978047297
2022,Q3,Dadra & Nagar Haveli & Daman & Diu,6465621,7520647359.499438,1163.1747916401903
2022,Q3,Meghalaya,4359165,9603300797.121542,2203.01383341111
2022,Q3,Andaman & Nicobar Islands,1584379,3310631772.137388,2089.545350031393
2022,Q3,Haryana,269361810,428054494578.0213,1589.143221817604
2022,Q3,Rajasthan,767541360,1238489256318.2175,1613.5798288683982
2022,Q3,Ladakh,1190858,3605199350.373912,3027.3965077061343
2022,Q3,Punjab,84177897,149319443006.3546,1773.8557071145958
2022,Q3,Assam,86113811,161489079054.89807,1875.2982498347224
2022,Q3,Jharkhand,146815332,229412884063.95636,1562.5948662089077
2022,Q3,Odisha,386687326,564545557340.5428,1459.953609497258
2022,Q3,Bihar,437367385,791446486557.8687,1809.5690572763415
2022,Q3,Kerala,119362904,162260419315.42975,1359.387329546119
2022,Q3,Karnataka,1189761328,1665918232610.94,1400.2121210405824
2022,Q3,Chandigarh,13478173,20559757737.40586,1525.4113252149132
2022,Q3,Telangana,1628165401,2706325865752.0645,1662.1934504257804
2022,Q3,Himachal Pradesh,25164868,37380782688.54074,1485.4352778063744
2022,Q3,West Bengal,356792388,704749898612.1294,1975.2380440698455
2022,Q3,Gujarat,303239732,497437502209.44305,1640.4100443191364
2022,Q3,Sikkim,2396758,5162880543.891459,2154.1100703080824
2022,Q3,Nagaland,1894113,5364400495.050829,2832.143855752444
2022,Q3,Mizoram,659038,1946265612.067956,2953.1917917752176
2022,Q3,Chhattisgarh,158252587,220161558081.9853,1391.203532628413
2022,Q3,Jammu & Kashmir,22534394,40963554502.24847,1817.8236566844648
2022,Q3,Goa,13188687,19574265275.70635,1484.1708864351963
2022,Q3,Arunachal Pradesh,3939418,9025110785.048618,2290.9756682455677
2022,Q3,Delhi,475592161,677612647116.1133,1424.776736629419
2022,Q3,Uttarakhand,63996519,92641259938.36333,1447.598422319866
2022,Q4,Puducherry,7556127,11142204877.174492,1474.5920598177468
2022,Q4,Tamil Nadu,436316636,675689667591.437,1548.622289046611
2022,Q4,Uttar Pradesh,836369071,1376378802069.4858,1645.6596134333688
2022,Q4,Madhya Pradesh,898828268,1302999857548.291,1449.664973763699
2022,Q4,Andhra Pradesh,690017077,1424725083041.687,2064.767859421669
2022,Q4,Tripura,5198190,10452971818.154081,2010.8868314074864
2022,Q4,Lakshadweep,17147,54813873.614936255,3196.7034242104305
2022,Q4,Manipur,6428670,15625956698.341496,2430.6671050686214
2022,Q4,Maharashtra,1688775272,2210470839617.1724,1308.9194733407799
2022,Q4,Dadra & Nagar Haveli & Daman & Diu,7189585,8059640746.081128,1121.0161290368121
2022,Q4,Meghalaya,3932448,8996541156.34871,2287.7711685821932
2022,Q4,Andaman & Nicobar Islands,1987535,3984674404.428784,2004.8323196465892
2022,Q4,Haryana,296648365,490490659880.10236,1653.4413054327886
2022,Q4,Rajasthan,865574848,1456956699398.6523,1683.2243944762272
2022,Q4,Ladakh,1083372,2894477572.6789374,2671.7300914911384
2022,Q4,Punjab,91835180,168107427177.94028,1830.5340848457015
2022,Q4,Assam,103981267,192653519187.54803,1852.7714149467715
2022,Q4,Jharkhand,175300092,277971737448.5812,1585.6907676270996
2022,Q4,Odisha,445714743,652217064523.9851,1463.3060152645323
2022,Q4,Bihar,517084649,936012149674.8281,1810.1719930866254
2022,Q4,Kerala,132960468,173559808599.71005,1305.3489598104456
2022,Q4,Karnataka,1378910371,1904516622907.6313,1381.175066169425
2022,Q4,Chandigarh,17904840,27879754566.939415,1557.1071602393215
2022,Q4,Telangana,1819506832,2978252562916.1367,1636.8460456081084
2022,Q4,Himachal Pradesh,28555136,41779343232.37363,1463.1113377423112
2022,Q4,West Bengal,405847597,787775633607.248,1941.0627029220725
2022,Q4,Gujarat,341156018,567918305336.5343,1664.687929780369
2022,Q4,Sikkim,3058339,6458385389.419817,2111.7297295753733
2022,Q4,Nagaland,2476205,6969966384.314047,2814.7776069889396
2022,Q4,Mizoram,693774,2037911085.2630136,2937.4278731445884
2022,Q4,Chhattisgarh,177960446,252519180810.47455,1418.962395781333
2022,Q4,Jammu & Kashmir,27316158,44315295915.49408,1622.3107186411091
2022,Q4,Goa,17192674,24924986371.339146,1449.7446046693578
2022,Q4,Arunachal Pradesh,4632709,9684909697.502243,2090.5499778859935
2022,Q4,Delhi,515203457,744915016018.5759,1445.8657175092983
2022,Q4,Uttarakhand,77983880,115496046831.35889,1481.0246275430113
2023,Q1,Puducherry,10144295,14222388506.0,1402.0085679684985
2023,Q1,Tamil Nadu,461212387,715583673518.0,1551.527438741579
2023,Q1,Uttar Pradesh,1002557722,1636936265372.0,1632.7601188951792
2023,Q1,Madhya Pradesh,734566970,1062026599901.0,1445.7859436573904
2023,Q1,Andhra Pradesh,1145532464,2249051316530.0,1963.32394516058
2023,Q1,Tripura,7118687,13288282891.0,1866.6761006629454
2023,Q1,Lakshadweep,29520,85321961.0,2890.31033197832
2023,Q1,Manipur,3258383,8585564092.0,2634.915567629711
2023,Q1,Maharashtra,1848268499,2362285906059.0,1278.1075408346285
2023,Q1,Dadra & Nagar Haveli & Daman & Diu,11803985,12614091200.0,1068.6298906682784
2023,Q1,Meghalaya,4164705,10084840615.0,2421.501790643035
2023,Q1,Andaman & Nicobar Islands,2276392,4461528587.0,1959.9122589606711
2023,Q1,Haryana,381318464,591150623736.0,1550.2806172428095
2023,Q1,Rajasthan,921096686,1554913375850.0,1688.110921995001
2023,Q1,Ladakh,1567246,3849021298.0,2455.9139394836548
2023,Q1,Punjab,96910821,175508676860.0,1811.0328139723426
2023,Q1,Assam,113760638,212354167087.0,1866.6752474348816
2023,Q1,Jharkhand,240458103,367371336021.0,1527.797697135621
2023,Q1,Odisha,482896088,753968977663.0,1561.3482825791705
2023,Q1,Bihar,547831195,1039276959944.0,1897.0751746694527
2023,Q1,Kerala,147621565,193637089677.0,1311.7127546845882
2023,Q1,Karnataka,1844697189,2470227226317.0,1339.0963248857643
2023,Q1,Chandigarh,9815605,12824894394.0,1306.5821611607232
2023,Q1,Telangana,1440331458,2372581734284.0,1647.2470424123724
2023,Q1,Himachal Pradesh,27301726,37740947734.0,1382.3649000799437
2023,Q1,West Bengal,459278344,896883182555.0,1952.809650774651
2023,Q1,Gujarat,362511326,597826188806.0,1649.124167794967
2023,Q1,Sikkim,3396128,6762568022.0,1991.2582864956798
2023,Q1,Nagaland,2685570,7814397854.0,2909.7725451207752
2023,Q1,Mizoram,1052595,2955622739.0,2807.939177936433
2023,Q1,Chhattisgarh,214748957,301088936459.0,1402.050751096314
2023,Q1,Jammu & Kashmir,38927244,55921747581.0,1436.5709419603402
2023,Q1,Goa,24195070,35096965775.0,1450.583353344297
2023,Q1,Arunachal Pradesh,8042825,16394578454.0,2038.4104408587777
2023,Q1,Delhi,409753103,611403109580.0,1492.1256363981702
2023,Q1,Uttarakhand,79385675,107179907585.0,1350.1164735955197
2023,Q2,Puducherry,11130326,15386733257.0,1382.4153270083914
2023,Q2,Tamil Nadu,498429638,776362551015.0,1557.617147588242
2023,Q2,Uttar Pradesh,1211410582,1836622076526.0,1516.1020580601137
2023,Q2,Madhya Pradesh,848037060,1202440949508.0,1417.9108510988895
2023,Q2,Andhra Pradesh,1305656964,2506039086916.0,1919.3702143926987
2023,Q2,Tripura,7929543,13919130082.0,1755.3508546457217
2023,Q2,Lakshadweep,34918,97987438.0,2806.21564808981
2023,Q2,Manipur,1606271,4463876653.0,2779.030844110365
2023,Q2,Maharashtra,2063717848,2606004606468.0,1262.771753897241
2023,Q2,Dadra & Nagar Haveli & Daman & Diu,13357115,13750538188.0,1029.4542038456657
2023,Q2,Meghalaya,5077212,11084506486.0,2183.1876403821625
2023,Q2,Andaman & Nicobar Islands,2707775,4990344236.0,1842.9685760449076
2023,Q2,Haryana,457536190,661742128636.0,1446.3164730991007
2023,Q2,Rajasthan,1073459338,1698455586300.0,1582.226290438213
2023,Q2,Ladakh,2943815,7191103886.0,2442.7838998034863
2023,Q2,Punjab,117290289,194181575454.0,1655.5639610880319
2023,Q2,Assam,138290953,235110788783.0,1700.116917865191
2023,Q2,Jharkhand,289233893,422214727508.0,1459.7691962331676
2023,Q2,Odisha,544597829,799332054104.0,1467.747412015482
2023,Q2,Bihar,683933094,1226046745390.0,1792.6413506611218
2023,Q2,Kerala,156170617,207796670985.0,1330.5746943741665
2023,Q2,Karnataka,2067867526,2777599098830.0,1343.2190717762642
2023,Q2,Chandigarh,11553687,14414408750.0,1247.6024969345283
2023,Q2,Telangana,1665430971,2698149935008.0,1620.0911247542783
2023,Q2,Himachal Pradesh,35061595,46875063718.0,1336.9347206822736
2023,Q2,West Bengal,545317686,1009315106972.0,1850.8754307521212
2023,Q2,Gujarat,416922553,645407208525.0,1548.026615209276
2023,Q2,Sikkim,4412967,8580350436.0,1944.3495580184488
2023,Q2,Nagaland,2922001,8021399310.0,2745.173362363668
2023,Q2,Mizoram,1208930,3191806576.0,2640.1913890795995
2023,Q2,Chhattisgarh,249931636,333156846754.0,1332.9919016494575
2023,Q2,Jammu & Kashmir,54588299,76530005380.0,1401.9488934799012
2023,Q2,Goa,26530590,38412206943.0,1447.8459371992858
2023,Q2,Arunachal Pradesh,10360488,19805698664.0,1911.656928129254
2023,Q2,Delhi,482138998,661728515657.0,1372.4849439725263
2023,Q2,Uttarakhand,102758214,134072872398.0,1304.741170355491
2023,Q3,Puducherry,12379641,16444491839.0,1328.3496540004674
2023,Q3,Tamil Nadu,556085008,833105264698.0,1498.1617067763136
2023,Q3,Uttar Pradesh,1354622466,1861748362006.0,1374.3669610791765
2023,Q3,Madhya Pradesh,978812593,1237821998249.0,1264.6159306708062
2023,Q3,Andhra Pradesh,1475164403,2653414098098.0,1798.7243270660729
2023,Q3,Tripura,9108762,15249223330.0,1674.1268824457154
2023,Q3,Lakshadweep,43757,94527061.0,2160.2728934799
2023,Q3,Manipur,865478,3608286601.0,4169.125732832031
2023,Q3,Maharashtra,2290678587,2752172184241.0,1201.465888693445
2023,Q3,Dadra & Nagar Haveli & Daman & Diu,15370328,15096066463.0,982.1564291276022
2023,Q3,Meghalaya,6029842,11406633080.0,1891.6968437978971
2023,Q3,Andaman & Nicobar Islands,3098376,5211596791.0,1682.0414278318706
2023,Q3,Haryana,501519478,677491980740.0,1350.8787005476984
2023,Q3,Rajasthan,1237232167,1800225443616.0,1455.0425470921336
2023,Q3,Ladakh,3621366,8250572243.0,2278.303889471542
2023,Q3,Punjab,132161181,205225582737.0,1552.8431358145929
2023,Q3,Assam,167575351,244058014402.0,1456.407597809537
2023,Q3,Jharkhand,318237426,418384424020.0,1314.6927100271355
2023,Q3,Odisha,622397603,840298338124.0,1350.0989304484838
2023,Q3,Bihar,734238751,1148153363366.0,1563.7329980231457
2023,Q3,Kerala,170658651,220332613329.0,1291.0720437430389
2023,Q3,Karnataka,2369262302,2985880895587.0,1260.2576308526434
2023,Q3,Chandigarh,13052165,15426783311.0,1181.9329062266681
2023,Q3,Telangana,1875045924,2870202901073.0,1530.737388527557
2023,Q3,Himachal Pradesh,33337054,41854571637.0,1255.4970105336843
2023,Q3,West Bengal,632093191,1071548606382.0,1695.2383313712994
2023,Q3,Gujarat,479303590,707737036450.0,1476.5944825282866
2023,Q3,Sikkim,4804937,8107237421.0,1687.2723661101072
2023,Q3,Nagaland,3422331,8616299673.0,2517.6698785126277
2023,Q3,Mizoram,1310413,3106130235.0,2370.3444906300533
2023,Q3,Chhattisgarh,283492657,350379679526.0,1235.9391711722537
2023,Q3,Jammu & Kashmir,63903579,86016148426.0,1346.0302188395426
2023,Q3,Goa,26999728,37375179974.0,1384.2798703009157
2023,Q3,Arunachal Pradesh,12802433,21127391086.0,1650.2637495544793
2023,Q3,Delhi,546706983,708199251438.0,1295.3909012682211
2023,Q3,Uttarakhand,106284687,128762398121.0,1211.4858852715067
2023,Q4,Puducherry,12986163,17024510550.0,1310.973114229353
2023,Q4,Tamil Nadu,593481381,872870665005.0,1470.763351554916
2023,Q4,Uttar Pradesh,1566705382,2257441161652.0,1440.884283406387
2023,Q4,Madhya Pradesh,1102294613,1426502880687.0,1294.1212484062098
2023,Q4,Andhra Pradesh,1596987426,2802514977823.0,1754.8760448555968
2023,Q4,Tripura,10140910,16819896794.0,1658.6180918674952
2023,Q4,Lakshadweep,63479,119831383.0,1887.7326832495787
2023,Q4,Manipur,2113200,6800325298.0,3218.0225714556123
2023,Q4,Maharashtra,2572162725,3098014934958.0,1204.4397132603654
2023,Q4,Dadra & Nagar Haveli & Daman & Diu,18302373,17558059967.0,959.3324301171219
2023,Q4,Meghalaya,7268384,13873058692.0,1908.6854370930319
2023,Q4,Andaman & Nicobar Islands,3695783,6269552499.0,1696.4070939771086
2023,Q4,Haryana,554748233,782270484600.0,1410.1360546379603
2023,Q4,Rajasthan,1349472154,2066379607801.0,1531.2502756548172
2023,Q4,Ladakh,3150218,6942986945.0,2203.97031094356
2023,Q4,Punjab,142228995,231139462165.0,1625.1219532627647
2023,Q4,Assam,193752157,285603636931.0,1474.0668767419193
2023,Q4,Jharkhand,374538362,498720104925.0,1331.5594756752848
2023,Q4,Odisha,732137476,978791865637.0,1336.8962766181362
2023,Q4,Bihar,924427274,1434735808415.0,1552.0266967101622
2023,Q4,Kerala,179843093,224985321465.0,1251.0089640473432
2023,Q4,Karnataka,2564434164,3241376424383.0,1263.9733434712577
2023,Q4,Chandigarh,13280078,16281223001.0,1225.9885070705157
2023,Q4,Telangana,2020822178,3116417474765.0,1542.1532427208942
2023,Q4,Himachal Pradesh,38651839,48280246564.0,1249.1060661822585
2023,Q4,West Bengal,737953238,1249394976078.0,1693.0543993059896
2023,Q4,Gujarat,534115578,795087199074.0,1488.6051480677838
2023,Q4,Sikkim,4857324,8590608471.0,1768.588727249819
2023,Q4,Nagaland,3797179,9674575422.0,2547.8323307908317
2023,Q4,Mizoram,1500728,3540840283.0,2359.4150858783205
2023,Q4,Chhattisgarh,321876332,403985034545.0,1255.0939425549313
2023,Q4,Jammu & Kashmir,69167132,93070141760.0,1345.5833582922016
2023,Q4,Goa,33460978,44287671557.0,1323.56177864855
2023,Q4,Arunachal Pradesh,14617742,24128799794.0,1650.6516392203391
2023,Q4,Delhi,598150746,799649719349.0,1336.8698855539
2023,Q4,Uttarakhand,118071440,148083447262.0,1254.1851548689506
