Year,Quarter,State,Registered Users,App Opens,Average Opens
2018,Q1,Puducherry,49318,0,0.0
2018,Q1,Tamil Nadu,2104754,0,0.0
2018,Q1,Uttar Pradesh,4694250,0,0.0
2018,Q1,Madhya Pradesh,2553603,0,0.0
2018,Q1,Andhra Pradesh,3336450,0,0.0
2018,Q1,Tripura,55157,0,0.0
2018,Q1,Lakshadweep,501,0,0.0
2018,Q1,Manipur,29925,0,0.0
2018,Q1,Maharashtra,6106994,0,0.0
2018,Q1,Dadra & Nagar Haveli & Daman & Diu,53258,0,0.0
2018,Q1,Meghalaya,18513,0,0.0
2018,Q1,Andaman & Nicobar Islands,6740,0,0.0
2018,Q1,Haryana,1847357,0,0.0
2018,Q1,Rajasthan,3158202,0,0.0
2018,Q1,Ladakh,8784,0,0.0
2018,Q1,Punjab,847142,0,0.0
2018,Q1,Assam,385237,0,0.0
2018,Q1,Jharkhand,885762,0,0.0
2018,Q1,Odisha,1594015,0,0.0
2018,Q1,Bihar,2133804,0,0.0
2018,Q1,Kerala,784184,0,0.0
2018,Q1,Karnataka,3717763,0,0.0
2018,Q1,Chandigarh,86268,0,0.0
2018,Q1,Telangana,3315560,0,0.0
2018,Q1,Himachal Pradesh,227373,0,0.0
2018,Q1,West Bengal,2604789,0,0.0
2018,Q1,Gujarat,2690048,0,0.0
2018,Q1,Sikkim,20051,0,0.0
2018,Q1,Nagaland,15074,0,0.0
2018,Q1,Mizoram,7593,0,0.0
2018,Q1,Chhattisgarh,679263,0,0.0
2018,Q1,Jammu & Kashmir,176425,0,0.0
2018,Q1,Goa,91936,0,0.0
2018,Q1,Arunachal Pradesh,21495,0,0.0
2018,Q1,Delhi,2087022,0,0.0
2018,Q1,Uttarakhand,483043,0,0.0
2018,Q2,Puducherry,65580,0,0.0
2018,Q2,Tamil Nadu,2996036,0,0.0
2018,Q2,Uttar Pradesh,6442554,0,0.0
2018,Q2,Madhya Pradesh,3441662,0,0.0
2018,Q2,Andhra Pradesh,4402540,0,0.0
2018,Q2,Tripura,83369,0,0.0
2018,Q2,Lakshadweep,686,0,0.0
2018,Q2,Manipur,46055,0,0.0
2018,Q2,Maharashtra,8222371,0,0.0
2018,Q2,Dadra & Nagar Haveli & Daman & Diu,71458,0,0.0
2018,Q2,Meghalaya,26618,0,0.0
2018,Q2,Andaman & Nicobar Islands,9405,0,0.0
2018,Q2,Haryana,2447221,0,0.0
2018,Q2,Rajasthan,4212964,0,0.0
2018,Q2,Ladakh,12918,0,0.0
2018,Q2,Punjab,1152190,0,0.0
2018,Q2,Assam,571046,0,0.0
2018,Q2,Jharkhand,1230599,0,0.0
2018,Q2,Odisha,2185781,0,0.0
2018,Q2,Bihar,3005872,0,0.0
2018,Q2,Kerala,1066587,0,0.0
2018,Q2,Karnataka,5030665,0,0.0
2018,Q2,Chandigarh,115219,0,0.0
2018,Q2,Telangana,4260115,0,0.0
2018,Q2,Himachal Pradesh,315299,0,0.0
2018,Q2,West Bengal,3833795,0,0.0
2018,Q2,Gujarat,3565825,0,0.0
2018,Q2,Sikkim,28097,0,0.0
2018,Q2,Nagaland,22436,0,0.0
2018,Q2,Mizoram,10422,0,0.0
2018,Q2,Chhattisgarh,950675,0,0.0
2018,Q2,Jammu & Kashmir,261609,0,0.0
2018,Q2,Goa,122174,0,0.0
2018,Q2,Arunachal Pradesh,32883,0,0.0
2018,Q2,Delhi,2756141,0,0.0
2018,Q2,Uttarakhand,649142,0,0.0
2018,Q3,Puducherry,81546,0,0.0
2018,Q3,Tamil Nadu,3900177,0,0.0
2018,Q3,Uttar Pradesh,8096483,0,0.0
2018,Q3,Madhya Pradesh,4309309,0,0.0
2018,Q3,Andhra Pradesh,5427617,0,0.0
2018,Q3,Tripura,116874,0,0.0
2018,Q3,Lakshadweep,918,0,0.0
2018,Q3,Manipur,61935,0,0.0
2018,Q3,Maharashtra,10435033,0,0.0
2018,Q3,Dadra & Nagar Haveli & Daman & Diu,92107,0,0.0
2018,Q3,Meghalaya,37281,0,0.0
2018,Q3,Andaman & Nicobar Islands,12149,0,0.0
2018,Q3,Haryana,3020398,0,0.0
2018,Q3,Rajasthan,5175453,0,0.0
2018,Q3,Ladakh,17749,0,0.0
2018,Q3,Punjab,1473148,0,0.0
2018,Q3,Assam,784802,0,0.0
2018,Q3,Jharkhand,1532362,0,0.0
2018,Q3,Odisha,2795718,0,0.0
2018,Q3,Bihar,3784535,0,0.0
2018,Q3,Kerala,1347598,0,0.0
2018,Q3,Karnataka,6372649,0,0.0
2018,Q3,Chandigarh,143893,0,0.0
2018,Q3,Telangana,5138501,0,0.0
2018,Q3,Himachal Pradesh,407634,0,0.0
2018,Q3,West Bengal,4851740,0,0.0
2018,Q3,Gujarat,4433183,0,0.0
2018,Q3,Sikkim,37637,0,0.0
2018,Q3,Nagaland,32090,0,0.0
2018,Q3,Mizoram,14502,0,0.0
2018,Q3,Chhattisgarh,1217792,0,0.0
2018,Q3,Jammu & Kashmir,342529,0,0.0
2018,Q3,Goa,153802,0,0.0
2018,Q3,Arunachal Pradesh,45922,0,0.0
2018,Q3,Delhi,3504911,0,0.0
2018,Q3,Uttarakhand,810612,0,0.0
2018,Q4,Puducherry,109494,0,0.0
2018,Q4,Tamil Nadu,5199878,0,0.0
2018,Q4,Uttar Pradesh,10341964,0,0.0
2018,Q4,Madhya Pradesh,5365442,0,0.0
2018,Q4,Andhra Pradesh,6857409,0,0.0
2018,Q4,Tripura,153265,0,0.0
2018,Q4,Lakshadweep,1156,0,0.0
2018,Q4,Manipur,82589,0,0.0
2018,Q4,Maharashtra,13381602,0,0.0
2018,Q4,Dadra & Nagar Haveli & Daman & Diu,116511,0,0.0
2018,Q4,Meghalaya,49634,0,0.0
2018,Q4,Andaman & Nicobar Islands,15222,0,0.0
2018,Q4,Haryana,3793079,0,0.0
2018,Q4,Rajasthan,6358738,0,0.0
2018,Q4,Ladakh,23883,0,0.0
2018,Q4,Punjab,1865715,0,0.0
2018,Q4,Assam,1039221,0,0.0
2018,Q4,Jharkhand,1913949,0,0.0
2018,Q4,Odisha,3623911,0,0.0
2018,Q4,Bihar,4776665,0,0.0
2018,Q4,Kerala,1757326,0,0.0
2018,Q4,Karnataka,8315802,0,0.0
2018,Q4,Chandigarh,177747,0,0.0
2018,Q4,Telangana,6529679,0,0.0
2018,Q4,Himachal Pradesh,526343,0,0.0
2018,Q4,West Bengal,6279278,0,0.0
2018,Q4,Gujarat,5579040,0,0.0
2018,Q4,Sikkim,48538,0,0.0
2018,Q4,Nagaland,42997,0,0.0
2018,Q4,Mizoram,19365,0,0.0
2018,Q4,Chhattisgarh,1579998,0,0.0
2018,Q4,Jammu & Kashmir,436563,0,0.0
2018,Q4,Goa,195350,0,0.0
2018,Q4,Arunachal Pradesh,61852,0,0.0
2018,Q4,Delhi,4630313,0,0.0
2018,Q4,Uttarakhand,1012103,0,0.0
2019,Q1,Puducherry,133059,0,0.0
2019,Q1,Tamil Nadu,6296303,0,0.0
2019,Q1,Uttar Pradesh,12458661,0,0.0
2019,Q1,Madhya Pradesh,6414403,0,0.0
2019,Q1,Andhra Pradesh,8283019,0,0.0
2019,Q1,Tripura,183254,0,0.0
2019,Q1,Lakshadweep,1416,0,0.0
2019,Q1,Manipur,99527,0,0.0
2019,Q1,Maharashtra,16284451,0,0.0
2019,Q1,Dadra & Nagar Haveli & Daman & Diu,140532,0,0.0
2019,Q1,Meghalaya,61487,0,0.0
2019,Q1,Andaman & Nicobar Islands,18596,0,0.0
2019,Q1,Haryana,4538767,0,0.0
2019,Q1,Rajasthan,7712204,0,0.0
2019,Q1,Ladakh,29649,0,0.0
2019,Q1,Punjab,2226590,0,0.0
2019,Q1,Assam,1259085,0,0.0
2019,Q1,Jharkhand,2279329,0,0.0
2019,Q1,Odisha,4320744,0,0.0
2019,Q1,Bihar,5745117,0,0.0
2019,Q1,Kerala,2136624,0,0.0
2019,Q1,Karnataka,10266174,0,0.0
2019,Q1,Chandigarh,209175,0,0.0
2019,Q1,Telangana,7963425,0,0.0
2019,Q1,Himachal Pradesh,653205,0,0.0
2019,Q1,West Bengal,7449425,0,0.0
2019,Q1,Gujarat,6652536,0,0.0
2019,Q1,Sikkim,58956,0,0.0
2019,Q1,Nagaland,53911,0,0.0
2019,Q1,Mizoram,23670,0,0.0
2019,Q1,Chhattisgarh,1908898,0,0.0
2019,Q1,Jammu & Kashmir,530669,0,0.0
2019,Q1,Goa,238152,0,0.0
2019,Q1,Arunachal Pradesh,76957,0,0.0
2019,Q1,Delhi,5499263,0,0.0
2019,Q1,Uttarakhand,1224955,0,0.0
2019,Q2,Puducherry,156458,661932,4.230732848432167
2019,Q2,Tamil Nadu,7429609,33658961,4.530381208486207
2019,Q2,Uttar Pradesh,14316349,78394040,5.475840243905761
2019,Q2,Madhya Pradesh,7301172,50642151,6.936167371485016
2019,Q2,Andhra Pradesh,9389003,81375251,8.667081158670415
2019,Q2,Tripura,217644,953627,4.381591038576758
2019,Q2,Lakshadweep,1747,4580,2.621637092157985
2019,Q2,Manipur,117747,464829,3.9476929348518435
2019,Q2,Maharashtra,18776975,109967705,5.856518688446887
2019,Q2,Dadra & Nagar Haveli & Daman & Diu,158580,860686,5.427456173540169
2019,Q2,Meghalaya,74746,395764,5.294785005217671
2019,Q2,Andaman & Nicobar Islands,21731,52640,2.422345957388063
2019,Q2,Haryana,5178030,31929195,6.166282350623693
2019,Q2,Rajasthan,8783935,62787336,7.147973658730399
2019,Q2,Ladakh,35516,157317,4.429468408604572
2019,Q2,Punjab,2600112,10928094,4.2029320275434285
2019,Q2,Assam,1500128,7350326,4.899799217133471
2019,Q2,Jharkhand,2604854,14929066,5.73124866115337
2019,Q2,Odisha,4845359,33955545,7.007849160402769
2019,Q2,Bihar,6589759,39607022,6.010390061305732
2019,Q2,Kerala,2550167,8673220,3.4010400103208926
2019,Q2,Karnataka,11968087,113024811,9.443849380439831
2019,Q2,Chandigarh,240439,1220176,5.074784040858596
2019,Q2,Telangana,9046007,80842302,8.9367941015301
2019,Q2,Himachal Pradesh,772603,3321711,4.299376264394521
2019,Q2,West Bengal,8612795,49514201,5.748912054681436
2019,Q2,Gujarat,7574645,34890301,4.6061961979736346
2019,Q2,Sikkim,70999,398520,5.613036803335258
2019,Q2,Nagaland,66891,362497,5.419219326964764
2019,Q2,Mizoram,28696,133025,4.635663507109005
2019,Q2,Chhattisgarh,2191066,13206373,6.027373433753251
2019,Q2,Jammu & Kashmir,631193,2705373,4.286126430426193
2019,Q2,Goa,278940,1352232,4.847752204775221
2019,Q2,Arunachal Pradesh,95885,502873,5.244542942066016
2019,Q2,Delhi,6165448,43731570,7.093007677625373
2019,Q2,Uttarakhand,1414339,7454279,5.270503747687082
2019,Q3,Puducherry,177868,2476922,13.925618998358333
2019,Q3,Tamil Nadu,8428835,124690342,14.793306785575943
2019,Q3,Uttar Pradesh,16044607,268142606,16.712319971439623
2019,Q3,Madhya Pradesh,8180664,192353380,23.5131744807023
2019,Q3,Andhra Pradesh,10458693,310953542,29.731587111314962
2019,Q3,Tripura,245456,3350991,13.652104654194641
2019,Q3,Lakshadweep,2117,15038,7.103448275862069
2019,Q3,Manipur,136316,1594205,11.694922092784413
2019,Q3,Maharashtra,21313081,439998413,20.644524036670248
2019,Q3,Dadra & Nagar Haveli & Daman & Diu,176929,3126189,17.669172379881196
2019,Q3,Meghalaya,87395,1387814,15.879787173179244
2019,Q3,Andaman & Nicobar Islands,23931,171107,7.150014625381305
2019,Q3,Haryana,5783752,118332587,20.459484950253746
2019,Q3,Rajasthan,9797304,238338999,24.326998427322454
2019,Q3,Ladakh,39173,503126,12.843693360222602
2019,Q3,Punjab,2962713,40860886,13.791712528348173
2019,Q3,Assam,1731523,25393673,14.665512961710586
2019,Q3,Jharkhand,2915511,55504460,19.037643829846637
2019,Q3,Odisha,5387209,130181456,24.16491656440283
2019,Q3,Bihar,7380265,126521298,17.14319174175995
2019,Q3,Kerala,2990963,31471694,10.522261224896463
2019,Q3,Karnataka,13635075,445683660,32.68655727966293
2019,Q3,Chandigarh,267337,4625196,17.300994624762005
2019,Q3,Telangana,10090557,318124511,31.52695247645893
2019,Q3,Himachal Pradesh,876184,10720741,12.23571875313861
2019,Q3,West Bengal,9643222,176559011,18.309130599710347
2019,Q3,Gujarat,8429299,129441484,15.356138630270442
2019,Q3,Sikkim,82128,1316804,16.033557373855444
2019,Q3,Nagaland,80077,1244022,15.535322252332131
2019,Q3,Mizoram,34134,457834,13.412843499150407
2019,Q3,Chhattisgarh,2435058,46362341,19.039522261892735
2019,Q3,Jammu & Kashmir,658455,3843919,5.83778542193468
2019,Q3,Goa,317194,4753892,14.987332673379699
2019,Q3,Arunachal Pradesh,112149,1811700,16.154401733408232
2019,Q3,Delhi,6782286,163381027,24.0893744380582
2019,Q3,Uttarakhand,1585859,24660988,15.550555251128884
2019,Q4,Puducherry,204292,3263122,15.972833003739746
2019,Q4,Tamil Nadu,9620493,155011717,16.112658363765764
2019,Q4,Uttar Pradesh,17949542,324068625,18.054423059931
2019,Q4,Madhya Pradesh,9165241,237844976,25.950760705583193
2019,Q4,Andhra Pradesh,11757883,411201518,34.97241110495826
2019,Q4,Tripura,272298,3610807,13.260497690030775
2019,Q4,Lakshadweep,2427,17760,7.3176761433868975
2019,Q4,Manipur,155358,1855488,11.943305140385432
2019,Q4,Maharashtra,23745297,543654112,22.89523319080827
2019,Q4,Dadra & Nagar Haveli & Daman & Diu,197598,3770543,19.081888480652637
2019,Q4,Meghalaya,100030,1490542,14.900949715085474
2019,Q4,Andaman & Nicobar Islands,25960,177012,6.81864406779661
2019,Q4,Haryana,6366679,136721888,21.47460049422941
2019,Q4,Rajasthan,10925031,288904693,26.444290455560264
2019,Q4,Ladakh,43108,470440,10.913055581330612
2019,Q4,Punjab,3321742,47673880,14.352071894807002
2019,Q4,Assam,1941220,26599449,13.702439187727306
2019,Q4,Jharkhand,3281371,70181789,21.387946989231025
2019,Q4,Odisha,6115537,189905719,31.052991585203394
2019,Q4,Bihar,8342274,163998097,19.658680235149312
2019,Q4,Kerala,3503938,40046033,11.428864608905752
2019,Q4,Karnataka,15385416,569674870,37.026939668059676
2019,Q4,Chandigarh,289590,4960441,17.129186090679926
2019,Q4,Telangana,11220691,399239044,35.58061121191199
2019,Q4,Himachal Pradesh,985945,12637904,12.81806185943435
2019,Q4,West Bengal,10885058,244326613,22.44605522542921
2019,Q4,Gujarat,9323799,147973757,15.870543434065878
2019,Q4,Sikkim,92972,1552004,16.693240975777652
2019,Q4,Nagaland,93124,1454551,15.619507323568575
2019,Q4,Mizoram,39809,529168,13.292672511241177
2019,Q4,Chhattisgarh,2725900,57278977,21.012868043581935
2019,Q4,Jammu & Kashmir,673367,998572,1.4829535750935225
2019,Q4,Goa,353546,6290543,17.792714385115374
2019,Q4,Arunachal Pradesh,129321,2140340,16.550598897317528
2019,Q4,Delhi,7289883,172682671,23.6879893682793
2019,Q4,Uttarakhand,1752677,28853867,16.462740710353362
2020,Q1,Puducherry,230908,3820943,16.547469121901365
2020,Q1,Tamil Nadu,10872368,179908753,16.547338445497797
2020,Q1,Uttar Pradesh,20136256,374282083,18.587471424677954
2020,Q1,Madhya Pradesh,10151371,262452480,25.8538950059061
2020,Q1,Andhra Pradesh,13022060,486513773,37.3607380859864
2020,Q1,Tripura,299962,4063223,13.545792467045827
2020,Q1,Lakshadweep,2772,21982,7.93001443001443
2020,Q1,Manipur,177374,2175642,12.26584505057111
2020,Q1,Maharashtra,26168390,615146568,23.507237854526014
2020,Q1,Dadra & Nagar Haveli & Daman & Diu,218496,4195122,19.199994507908613
2020,Q1,Meghalaya,113814,1716211,15.079085174055916
2020,Q1,Andaman & Nicobar Islands,28368,193586,6.824097574732092
2020,Q1,Haryana,7018770,157793468,22.481641085261376
2020,Q1,Rajasthan,12142053,341815756,28.151397131934772
2020,Q1,Ladakh,47790,590484,12.355806654111738
2020,Q1,Punjab,3739502,53853710,14.401305307498165
2020,Q1,Assam,2185938,33097892,15.141276651030358
2020,Q1,Jharkhand,3651393,74014713,20.270267538991284
2020,Q1,Odisha,6652970,175918622,26.442118632730946
2020,Q1,Bihar,9351234,183868505,19.66248572113584
2020,Q1,Kerala,4078316,46396398,11.376361714001563
2020,Q1,Karnataka,17016980,626488036,36.81546525881796
2020,Q1,Chandigarh,312887,5201211,16.623288919002707
2020,Q1,Telangana,12306860,454723816,36.94880871318923
2020,Q1,Himachal Pradesh,1106025,14640104,13.23668452340589
2020,Q1,West Bengal,11960822,207068218,17.312206301540144
2020,Q1,Gujarat,10259843,165605122,16.141097090861916
2020,Q1,Sikkim,104631,1697163,16.220460475384925
2020,Q1,Nagaland,107143,1684520,15.722165703779062
2020,Q1,Mizoram,46499,644683,13.864448697821459
2020,Q1,Chhattisgarh,3016487,64224101,21.291025288688463
2020,Q1,Jammu & Kashmir,735408,4476894,6.087632987402911
2020,Q1,Goa,391900,7147233,18.23738964021434
2020,Q1,Arunachal Pradesh,149066,2598321,17.4306750030188
2020,Q1,Delhi,7826197,178263986,22.77785570692892
2020,Q1,Uttarakhand,1943606,32631265,16.789032859540463
2020,Q2,Puducherry,255600,3057608,11.962472613458528
2020,Q2,Tamil Nadu,12150786,144907447,11.92576735365103
2020,Q2,Uttar Pradesh,22498519,383703534,17.054612972524993
2020,Q2,Madhya Pradesh,11374423,253770044,22.31058612819305
2020,Q2,Andhra Pradesh,14319675,494341698,34.52185178783736
2020,Q2,Tripura,336666,4443221,13.19771227269757
2020,Q2,Lakshadweep,3187,29202,9.162849074364606
2020,Q2,Manipur,215496,3011491,13.974695585996956
2020,Q2,Maharashtra,28765086,506354812,17.603104402329965
2020,Q2,Dadra & Nagar Haveli & Daman & Diu,244814,4505127,18.402244152703684
2020,Q2,Meghalaya,136211,2205253,16.189977314607486
2020,Q2,Andaman & Nicobar Islands,32710,305072,9.326566799143993
2020,Q2,Haryana,7682878,143650123,18.69743642942137
2020,Q2,Rajasthan,13563201,329941181,24.326203010631488
2020,Q2,Ladakh,53034,695673,13.117490666364974
2020,Q2,Punjab,4225481,51289576,12.13816273224279
2020,Q2,Assam,2550883,39304924,15.408360163911869
2020,Q2,Jharkhand,4061035,76339276,18.797985242678283
2020,Q2,Odisha,7258315,154682772,21.311113116474
2020,Q2,Bihar,10603767,218435035,20.59975808597077
2020,Q2,Kerala,4728844,45832953,9.692210823617781
2020,Q2,Karnataka,18655366,490510075,26.293243188045736
2020,Q2,Chandigarh,336351,3451250,10.260858448466037
2020,Q2,Telangana,13378191,367130505,27.44246251230828
2020,Q2,Himachal Pradesh,1249867,16125580,12.901836755430779
2020,Q2,West Bengal,13222022,198589332,15.019588683183253
2020,Q2,Gujarat,11392657,155264359,13.628459015311353
2020,Q2,Sikkim,119921,1912335,15.946623193602456
2020,Q2,Nagaland,130205,2119279,16.276479397872585
2020,Q2,Mizoram,55574,739308,13.30312736171591
2020,Q2,Chhattisgarh,3401658,68493384,20.13529402426699
2020,Q2,Jammu & Kashmir,845294,9856653,11.660621038360619
2020,Q2,Goa,430639,5310126,12.330806081195618
2020,Q2,Arunachal Pradesh,177534,3387006,19.07806955287438
2020,Q2,Delhi,8391139,142852253,17.024179077476848
2020,Q2,Uttarakhand,2148567,31074793,14.463031871940693
2020,Q3,Puducherry,285173,4222159,14.80560572003661
2020,Q3,Tamil Nadu,13643451,194683284,14.269357803974962
2020,Q3,Uttar Pradesh,24838116,450784508,18.148900987498408
2020,Q3,Madhya Pradesh,12564224,324850994,25.855237378766887
2020,Q3,Andhra Pradesh,15692405,696300382,44.37180801795518
2020,Q3,Tripura,376731,5777908,15.336959262709998
2020,Q3,Lakshadweep,3644,32128,8.81668496158068
2020,Q3,Manipur,258563,3552375,13.738914693904388
2020,Q3,Maharashtra,31409513,668197101,21.273717328886953
2020,Q3,Dadra & Nagar Haveli & Daman & Diu,267946,4421499,16.50145551715644
2020,Q3,Meghalaya,157741,2384534,15.116767359152028
2020,Q3,Andaman & Nicobar Islands,41335,515565,12.472843836942058
2020,Q3,Haryana,8398816,188614769,22.457304577216597
2020,Q3,Rajasthan,14969412,436682870,29.171678219558657
2020,Q3,Ladakh,58401,1015680,17.391483022550982
2020,Q3,Punjab,4694233,58946732,12.557265904781463
2020,Q3,Assam,2830011,41875278,14.796860506902624
2020,Q3,Jharkhand,4480027,99318784,22.16923781932564
2020,Q3,Odisha,7901755,205597666,26.01924078891335
2020,Q3,Bihar,11763213,266652644,22.668351240430656
2020,Q3,Kerala,5582300,64309022,11.520165881446715
2020,Q3,Karnataka,20487550,693683212,33.858768471583964
2020,Q3,Chandigarh,362588,4888739,13.482903460677132
2020,Q3,Telangana,14590882,527781925,36.172037098237105
2020,Q3,Himachal Pradesh,1378634,18411750,13.35506740730317
2020,Q3,West Bengal,14448366,246554831,17.06454771425364
2020,Q3,Gujarat,12467847,184402472,14.790241811597463
2020,Q3,Sikkim,134773,2156470,16.00075682814807
2020,Q3,Nagaland,173106,2868642,16.57159197254861
2020,Q3,Mizoram,68315,924865,13.538241967357095
2020,Q3,Chhattisgarh,3799386,86918606,22.877013812231766
2020,Q3,Jammu & Kashmir,949819,11443454,12.048036520642354
2020,Q3,Goa,474962,6129766,12.905802990555033
2020,Q3,Arunachal Pradesh,206046,4003421,19.42974384360774
2020,Q3,Delhi,9044174,190025029,21.01076659958112
2020,Q3,Uttarakhand,2365438,40377348,17.069713093304497
2020,Q4,Puducherry,319626,6377136,19.951868746597587
2020,Q4,Tamil Nadu,15357586,288233552,18.768154838918043
2020,Q4,Uttar Pradesh,27249134,552220798,20.265627450765958
2020,Q4,Madhya Pradesh,13737947,405571446,29.521983597694764
2020,Q4,Andhra Pradesh,17076565,869078538,50.89305360884932
2020,Q4,Tripura,409110,6017249,14.708144508811811
2020,Q4,Lakshadweep,4179,41144,9.845417564010528
2020,Q4,Manipur,288772,3783432,13.101796573074951
2020,Q4,Maharashtra,34432631,952006770,27.648388820476715
2020,Q4,Dadra & Nagar Haveli & Daman & Diu,296493,6196436,20.899097111904833
2020,Q4,Meghalaya,176447,2745917,15.562276490957625
2020,Q4,Andaman & Nicobar Islands,52396,887208,16.93274295747767
2020,Q4,Haryana,9129873,236101307,25.86030572385837
2020,Q4,Rajasthan,16329494,511015109,31.293995331392388
2020,Q4,Ladakh,64853,1232757,19.00848071793132
2020,Q4,Punjab,5157868,71191183,13.802443761647254
2020,Q4,Assam,3106153,49321814,15.87874583125815
2020,Q4,Jharkhand,4917938,126310835,25.683698127141902
2020,Q4,Odisha,8598751,270085293,31.40982835763008
2020,Q4,Bihar,12889833,317056600,24.597417204706996
2020,Q4,Kerala,6387169,91415273,14.312330392385109
2020,Q4,Karnataka,22400182,935510690,41.763530760598286
2020,Q4,Chandigarh,391402,6477974,16.55069212727579
2020,Q4,Telangana,15927797,764614235,48.00502134727106
2020,Q4,Himachal Pradesh,1508766,22001148,14.58221354404858
2020,Q4,West Bengal,15662093,291721919,18.62598562018499
2020,Q4,Gujarat,13605203,230497353,16.941853274809645
2020,Q4,Sikkim,148543,2478670,16.686548676140916
2020,Q4,Nagaland,192188,2922121,15.204492476117135
2020,Q4,Mizoram,78731,1096182,13.923130660095769
2020,Q4,Chhattisgarh,4190601,109900467,26.2254667051337
2020,Q4,Jammu & Kashmir,1079022,16018751,14.845620385867944
2020,Q4,Goa,527584,10991118,20.83292518347789
2020,Q4,Arunachal Pradesh,231292,4472667,19.337750549089463
2020,Q4,Delhi,9747968,243433752,24.972768888859708
2020,Q4,Uttarakhand,2596244,52564888,20.246513039606448
2021,Q1,Puducherry,346279,7914507,22.855867667401142
2021,Q1,Tamil Nadu,16632608,348801714,20.9709574108883
2021,Q1,Uttar Pradesh,29482075,639718324,21.69855154360743
2021,Q1,Madhya Pradesh,14839427,482500276,32.51475114234532
2021,Q1,Andhra Pradesh,18363733,957709447,52.15222019400957
2021,Q1,Tripura,439636,6009660,13.669626691171787
2021,Q1,Lakshadweep,4577,47283,10.330565872842474
2021,Q1,Manipur,312668,3709227,11.863148771220592
2021,Q1,Maharashtra,37077537,1101976484,29.72086533148089
2021,Q1,Dadra & Nagar Haveli & Daman & Diu,321396,7302462,22.72107306873763
2021,Q1,Meghalaya,190869,2939026,15.398131702895704
2021,Q1,Andaman & Nicobar Islands,57758,1004336,17.38869074413934
2021,Q1,Haryana,9827905,266686683,27.135659430977405
2021,Q1,Rajasthan,17661088,632535059,35.8151807521711
2021,Q1,Ladakh,69919,1184204,16.936798295170124
2021,Q1,Punjab,5568777,81052268,14.554769925245704
2021,Q1,Assam,3358448,56752364,16.89838997060547
2021,Q1,Jharkhand,5313049,141731331,26.676082038769074
2021,Q1,Odisha,9233009,301315474,32.63459117174044
2021,Q1,Bihar,13946288,355792608,25.511634923931013
2021,Q1,Kerala,6936943,108918733,15.701258176692528
2021,Q1,Karnataka,24095832,1084917385,45.025105794230306
2021,Q1,Chandigarh,419998,7919533,18.85612074343211
2021,Q1,Telangana,17149069,920040042,53.649562084099145
2021,Q1,Himachal Pradesh,1622951,24228094,14.928419896842234
2021,Q1,West Bengal,16808799,316832674,18.84921546149728
2021,Q1,Gujarat,14670126,264732874,18.04571235448148
2021,Q1,Sikkim,160213,2795331,17.447591643624424
2021,Q1,Nagaland,207808,2980581,14.342955997844165
2021,Q1,Mizoram,85750,1193214,13.915032069970845
2021,Q1,Chhattisgarh,4514551,124648704,27.610432133782517
2021,Q1,Jammu & Kashmir,1174818,18834009,16.03142699550058
2021,Q1,Goa,570035,15467672,27.134600506986413
2021,Q1,Arunachal Pradesh,251240,4796708,19.09213501034867
2021,Q1,Delhi,10467210,281201600,26.86500032004708
2021,Q1,Uttarakhand,2802122,59282260,21.15620233523023
2021,Q2,Puducherry,369961,5178916,13.998545792664633
2021,Q2,Tamil Nadu,17804542,343968474,19.319141935804918
2021,Q2,Uttar Pradesh,31651894,673598864,21.28147099190968
2021,Q2,Madhya Pradesh,15940935,727741649,45.652381682755745
2021,Q2,Andhra Pradesh,19620905,1044705436,53.24450814067954
2021,Q2,Tripura,472153,9500881,20.122462422138586
2021,Q2,Lakshadweep,4896,40301,8.23141339869281
2021,Q2,Manipur,335409,7269002,21.672054119000983
2021,Q2,Maharashtra,39664697,1208083592,30.457401250285614
2021,Q2,Dadra & Nagar Haveli & Daman & Diu,344994,5062983,14.675568270752535
2021,Q2,Meghalaya,205686,7290804,35.44628219713544
2021,Q2,Andaman & Nicobar Islands,62095,2248223,36.20618407279169
2021,Q2,Haryana,10530594,234052506,22.225954775200716
2021,Q2,Rajasthan,18980985,1072091232,56.482381288431554
2021,Q2,Ladakh,75048,4391632,58.51764204242618
2021,Q2,Punjab,5976548,85894089,14.371856295640894
2021,Q2,Assam,3617056,102003890,28.200804742862704
2021,Q2,Jharkhand,5701503,184234107,32.31325266337666
2021,Q2,Odisha,9891029,367576494,37.16261412235269
2021,Q2,Bihar,14972134,371198660,24.79263543860882
2021,Q2,Kerala,7416083,87814415,11.841077695597528
2021,Q2,Karnataka,25751023,1051089714,40.817396419551955
2021,Q2,Chandigarh,448572,4733924,10.553320314241638
2021,Q2,Telangana,18306880,905317692,49.452320220594665
2021,Q2,Himachal Pradesh,1743151,43269977,24.822850688207733
2021,Q2,West Bengal,17979979,275341466,15.31378128973343
2021,Q2,Gujarat,15735981,282432543,17.948200560231992
2021,Q2,Sikkim,171740,4541121,26.441836497030394
2021,Q2,Nagaland,223337,6716892,30.075142049906642
2021,Q2,Mizoram,92552,4014597,43.37666392946668
2021,Q2,Chhattisgarh,4837055,205784717,42.54338993457796
2021,Q2,Jammu & Kashmir,1261267,34274559,27.174705276519564
2021,Q2,Goa,609106,12710361,20.867239856445348
2021,Q2,Arunachal Pradesh,270572,13025849,48.141895687654305
2021,Q2,Delhi,11182699,164997774,14.754736222445047
2021,Q2,Uttarakhand,3004040,78380036,26.09154205669698
2021,Q3,Puducherry,396609,6899592,17.396458476736534
2021,Q3,Tamil Nadu,19127440,459826734,24.04016083699648
2021,Q3,Uttar Pradesh,34151882,803890116,23.538676902198244
2021,Q3,Madhya Pradesh,17210233,929572924,54.0128029643759
2021,Q3,Andhra Pradesh,21059898,1258536879,59.75987533272953
2021,Q3,Tripura,509929,12279146,24.08010919167178
2021,Q3,Lakshadweep,5287,49127,9.292037072063552
2021,Q3,Manipur,361749,9743772,26.93517328313278
2021,Q3,Maharashtra,42581217,1565370852,36.762003584820036
2021,Q3,Dadra & Nagar Haveli & Daman & Diu,371874,7162734,19.26118524016199
2021,Q3,Meghalaya,223065,9952956,44.61908412346177
2021,Q3,Andaman & Nicobar Islands,66982,3121625,46.60393837150279
2021,Q3,Haryana,11325336,296884105,26.214154264385623
2021,Q3,Rajasthan,20499465,1429553825,69.73615287033101
2021,Q3,Ladakh,81210,7099550,87.42211550301687
2021,Q3,Punjab,6434862,107614155,16.72361505188456
2021,Q3,Assam,3918480,135288631,34.52579341989751
2021,Q3,Jharkhand,6151843,230475998,37.46454485265635
2021,Q3,Odisha,10652490,492879704,46.26896659841971
2021,Q3,Bihar,16160771,421801379,26.10032522581998
2021,Q3,Kerala,7949425,116282717,14.627814841953978
2021,Q3,Karnataka,27614221,1366781087,49.495551114768006
2021,Q3,Chandigarh,480463,6378807,13.276375079870874
2021,Q3,Telangana,19615278,1107529197,56.46257967896249
2021,Q3,Himachal Pradesh,1880626,52970288,28.166306325659647
2021,Q3,West Bengal,19323278,348588666,18.039830819594894
2021,Q3,Gujarat,16946761,379987151,22.422405732871315
2021,Q3,Sikkim,184693,5714565,30.940885685976188
2021,Q3,Nagaland,241797,8661991,35.82340144832235
2021,Q3,Mizoram,100647,5385718,53.51096406251553
2021,Q3,Chhattisgarh,5206084,276486076,53.10826256356985
2021,Q3,Jammu & Kashmir,1359860,45025197,33.11017089994558
2021,Q3,Goa,653458,16575111,25.365227757560547
2021,Q3,Arunachal Pradesh,293073,17209654,58.72139023383253
2021,Q3,Delhi,11980061,223844376,18.684744259649428
2021,Q3,Uttarakhand,3233509,90886530,28.10770899354231
2021,Q4,Puducherry,423167,14257568,33.69253273530308
2021,Q4,Tamil Nadu,20433142,685861440,33.56612703029226
2021,Q4,Uttar Pradesh,36617655,1175923794,32.1135745585019
2021,Q4,Madhya Pradesh,18456243,956630781,51.83236810438614
2021,Q4,Andhra Pradesh,22489029,1447717601,64.37439344313177
2021,Q4,Tripura,546292,10728702,19.639134382344974
2021,Q4,Lakshadweep,5638,67320,11.94040439872295
2021,Q4,Manipur,387746,7603294,19.608955347057094
2021,Q4,Maharashtra,45482506,2031739248,44.67078502666498
2021,Q4,Dadra & Nagar Haveli & Daman & Diu,398963,15009455,37.621170384221095
2021,Q4,Meghalaya,240268,6048594,25.17436362728287
2021,Q4,Andaman & Nicobar Islands,71780,2112910,29.43591529674004
2021,Q4,Haryana,12116439,442176987,36.493972115074406
2021,Q4,Rajasthan,21977202,1185124031,53.925155304119244
2021,Q4,Ladakh,87057,2665203,30.614459492056927
2021,Q4,Punjab,6880103,138427499,20.11997480270281
2021,Q4,Assam,4209591,130600435,31.024495016261675
2021,Q4,Jharkhand,6596196,284960009,43.20065822786346
2021,Q4,Odisha,11399235,567351446,49.77101059851823
2021,Q4,Bihar,17335981,647400838,37.34434399760821
2021,Q4,Kerala,8473810,213542857,25.200335740357644
2021,Q4,Karnataka,29459646,1941558513,65.90569733933667
2021,Q4,Chandigarh,512092,11603954,22.659900955297093
2021,Q4,Telangana,20917649,1407599392,67.29242813090515
2021,Q4,Himachal Pradesh,2013747,47670982,23.672776172975055
2021,Q4,West Bengal,20644527,512335839,24.81702966602238
2021,Q4,Gujarat,18139201,487846209,26.894580913459198
2021,Q4,Sikkim,197407,5525552,27.990658892541806
2021,Q4,Nagaland,259990,6383337,24.55224047078734
2021,Q4,Mizoram,108405,2094118,19.317540703842074
2021,Q4,Chhattisgarh,5565481,251752583,45.234649619682465
2021,Q4,Jammu & Kashmir,1456810,36012148,24.71986600860785
2021,Q4,Goa,697178,28288254,40.575368126934585
2021,Q4,Arunachal Pradesh,314944,11230295,35.658069371062794
2021,Q4,Delhi,12785127,345669353,27.036833736575318
2021,Q4,Uttarakhand,3460015,110928354,32.060078930293656
2022,Q1,Puducherry,448051,3938657,8.790644368609824
2022,Q1,Tamil Nadu,21667020,638490275,29.468301363085462
2022,Q1,Uttar Pradesh,38999692,836926025,21.459811144149548
2022,Q1,Madhya Pradesh,19656147,1678266475,85.38125376249984
2022,Q1,Andhra Pradesh,23857951,1254785973,52.594037643886516
2022,Q1,Tripura,582124,19322963,33.19389511513011
2022,Q1,Lakshadweep,5990,45410,7.580968280467446
2022,Q1,Manipur,411900,22637747,54.95932750667638
2022,Q1,Maharashtra,48227630,2157769514,44.74135498675759
2022,Q1,Dadra & Nagar Haveli & Daman & Diu,424570,3910792,9.211183079350873
2022,Q1,Meghalaya,255839,23634106,92.37882418239596
2022,Q1,Andaman & Nicobar Islands,76288,3847407,50.43266306627517
2022,Q1,Haryana,12866988,217228467,16.882619848561294
2022,Q1,Rajasthan,23398857,2570606469,109.86034356293557
2022,Q1,Ladakh,92492,8902080,96.2470267698828
2022,Q1,Punjab,7302726,117482807,16.08752772594782
2022,Q1,Assam,4492589,281642453,62.690455993192344
2022,Q1,Jharkhand,7025275,331355981,47.16626480813918
2022,Q1,Odisha,12124779,613855465,50.62817763523772
2022,Q1,Bihar,18484658,316991599,17.148902565576275
2022,Q1,Kerala,8972299,94047893,10.482028407657836
2022,Q1,Karnataka,31200349,1727054045,55.35367713354745
2022,Q1,Chandigarh,541549,2321685,4.287118986462906
2022,Q1,Telangana,22150612,1168864524,52.7689494087116
2022,Q1,Himachal Pradesh,2143483,77278278,36.052666617836486
2022,Q1,West Bengal,21919787,236131065,10.77250727846945
2022,Q1,Gujarat,19265314,521776939,27.083749530373602
2022,Q1,Sikkim,209616,12440193,59.34753549347378
2022,Q1,Nagaland,276483,24206053,87.54987829269793
2022,Q1,Mizoram,115295,14886657,129.11797562773754
2022,Q1,Chhattisgarh,5916961,448503438,75.79962720727752
2022,Q1,Jammu & Kashmir,1549320,62115857,40.09233534712003
2022,Q1,Goa,738628,18678798,25.288505174458592
2022,Q1,Arunachal Pradesh,335339,41418559,123.51250227381844
2022,Q1,Delhi,13539197,57524153,4.248712312849868
2022,Q1,Uttarakhand,3674829,115224382,31.35503230218331
2022,Q2,Puducherry,471663,3830290,8.120819313789719
2022,Q2,Tamil Nadu,22829720,740265406,32.42551402294903
2022,Q2,Uttar Pradesh,41247289,947480495,22.97073378567983
2022,Q2,Madhya Pradesh,20766417,1902866132,91.6318945150721
2022,Q2,Andhra Pradesh,25157264,1378736856,54.80472184892602
2022,Q2,Tripura,615782,21343111,34.66017356791852
2022,Q2,Lakshadweep,6327,38450,6.077129761340288
2022,Q2,Manipur,434563,26236900,60.375365597163125
2022,Q2,Maharashtra,50802786,2492946019,49.07104935150604
2022,Q2,Dadra & Nagar Haveli & Daman & Diu,449016,3886292,8.655130329431469
2022,Q2,Meghalaya,269943,27458992,101.72144489762654
2022,Q2,Andaman & Nicobar Islands,80530,5180013,64.32401589469762
2022,Q2,Haryana,13576065,236091309,17.390260653584082
2022,Q2,Rajasthan,24716181,2771434947,112.13038725521552
2022,Q2,Ladakh,97517,14768129,151.4415845442333
2022,Q2,Punjab,7702100,138965337,18.04252567481596
2022,Q2,Assam,4755787,339929089,71.47693725560039
2022,Q2,Jharkhand,7426174,379053485,51.04290378868042
2022,Q2,Odisha,12801990,670311093,52.35991381027481
2022,Q2,Bihar,19569894,348588438,17.812484727817125
2022,Q2,Kerala,9442533,98876392,10.471384320287788
2022,Q2,Karnataka,32831447,2065359837,62.90797469267803
2022,Q2,Chandigarh,569582,2285979,4.013432657633142
2022,Q2,Telangana,23314363,1276259370,54.74133563074402
2022,Q2,Himachal Pradesh,2264407,102488683,45.26071638181652
2022,Q2,West Bengal,23124388,250276369,10.823048333214267
2022,Q2,Gujarat,20321596,609943436,30.014543936411293
2022,Q2,Sikkim,220994,16993937,76.89773025512005
2022,Q2,Nagaland,292104,28652431,98.08982759565086
2022,Q2,Mizoram,121535,16646550,136.96918583124202
2022,Q2,Chhattisgarh,6238349,501411120,80.37561220124107
2022,Q2,Jammu & Kashmir,1635570,89986310,55.018317773008796
2022,Q2,Goa,777779,19062157,24.50844905815148
2022,Q2,Arunachal Pradesh,354528,49889518,140.72095292896472
2022,Q2,Delhi,14260143,52553080,3.6853122721139613
2022,Q2,Uttarakhand,3877056,156465685,40.35682873809406
2022,Q3,Puducherry,496570,4186911,8.43166320961798
2022,Q3,Tamil Nadu,24019964,866738343,36.08408168305331
2022,Q3,Uttar Pradesh,43537920,1035702397,23.788513484337333
2022,Q3,Madhya Pradesh,21884220,2026371749,92.59510958124164
2022,Q3,Andhra Pradesh,26496330,1357005703,51.214855151637984
2022,Q3,Tripura,649143,24123569,37.16217998191462
2022,Q3,Lakshadweep,6645,18111,2.7255079006772007
2022,Q3,Manipur,457063,26011343,56.90975423519296
2022,Q3,Maharashtra,53432602,2638663712,49.3830285861804
2022,Q3,Dadra & Nagar Haveli & Daman & Diu,474807,3837881,8.083033737918775
2022,Q3,Meghalaya,283487,32596135,114.98282108174273
2022,Q3,Andaman & Nicobar Islands,84642,6068354,71.69435977410741
2022,Q3,Haryana,14303933,265475161,18.559592036679703
2022,Q3,Rajasthan,26042948,3299787866,126.70561973245118
2022,Q3,Ladakh,102299,19734781,192.91274597014635
2022,Q3,Punjab,8097582,154625731,19.095296719440444
2022,Q3,Assam,5016910,410760707,81.87523934055027
2022,Q3,Jharkhand,7836429,414228860,52.85939041877365
2022,Q3,Odisha,13493282,725475924,53.76571274505343
2022,Q3,Bihar,20694376,336807385,16.275310016595814
2022,Q3,Kerala,9933977,104565833,10.526079635577977
2022,Q3,Karnataka,34493994,2148016434,62.272186688500035
2022,Q3,Chandigarh,598698,2173356,3.630137398153994
2022,Q3,Telangana,24506111,1255597644,51.236103680424854
2022,Q3,Himachal Pradesh,2381576,108832538,45.6976968192491
2022,Q3,West Bengal,24372048,256445748,10.522125510338729
2022,Q3,Gujarat,21394721,699121904,32.677308762287666
2022,Q3,Sikkim,232025,18748536,80.80394785044714
2022,Q3,Nagaland,307386,31229366,101.59657889428927
2022,Q3,Mizoram,127735,15557163,121.7924844404431
2022,Q3,Chhattisgarh,6562237,543206487,82.77763924100881
2022,Q3,Jammu & Kashmir,1719185,109346235,63.60353016109377
2022,Q3,Goa,817830,19712764,24.103742831639828
2022,Q3,Arunachal Pradesh,373372,59722628,159.95475825718052
2022,Q3,Delhi,15009523,49919498,3.3258550588183247
2022,Q3,Uttarakhand,4081976,152803850,37.43379431922187
2022,Q4,Puducherry,520649,24144184,46.37324569911783
2022,Q4,Tamil Nadu,25136112,1229187623,48.90126297177543
2022,Q4,Uttar Pradesh,45648650,1682003791,36.846736781920164
2022,Q4,Madhya Pradesh,22913924,1388282818,60.58686491235635
2022,Q4,Andhra Pradesh,27778016,1673374802,60.24097624538772
2022,Q4,Tripura,678741,16107610,23.731600124347874
2022,Q4,Lakshadweep,6961,72377,10.397500359143802
2022,Q4,Manipur,477292,12462732,26.111336456508806
2022,Q4,Maharashtra,55954028,2982202696,53.29737290763053
2022,Q4,Dadra & Nagar Haveli & Daman & Diu,500125,24066770,48.12150962259435
2022,Q4,Meghalaya,295322,10105924,34.2200174724538
2022,Q4,Andaman & Nicobar Islands,88442,4354093,49.231055380927614
2022,Q4,Haryana,14994944,556898878,37.139110222752414
2022,Q4,Rajasthan,27255927,1537424924,56.40699448600666
2022,Q4,Ladakh,106337,3832339,36.039562899084984
2022,Q4,Punjab,8462753,199899443,23.62108914203215
2022,Q4,Assam,5247776,248781157,47.40696954290732
2022,Q4,Jharkhand,8217638,396098729,48.20104377924654
2022,Q4,Odisha,14127239,726099254,51.397109796188765
2022,Q4,Bihar,21738117,834827202,38.40384160228781
2022,Q4,Kerala,10382102,346981849,33.421155850713085
2022,Q4,Karnataka,36081698,3011645011,83.46738590295834
2022,Q4,Chandigarh,627563,15308862,24.394143695533355
2022,Q4,Telangana,25656381,1731228513,67.47750249733195
2022,Q4,Himachal Pradesh,2483076,72355717,29.139549896982615
2022,Q4,West Bengal,25536381,678066327,26.552953098561616
2022,Q4,Gujarat,22412353,790984595,35.292349491372015
2022,Q4,Sikkim,241968,8948864,36.983667261786685
2022,Q4,Nagaland,321205,11171582,34.78022446724055
2022,Q4,Mizoram,132870,3144551,23.66637314668473
2022,Q4,Chhattisgarh,6846822,354976814,51.84548597875043
2022,Q4,Jammu & Kashmir,1793434,60205865,33.57015925871819
2022,Q4,Goa,855202,43005212,50.286612987341
2022,Q4,Arunachal Pradesh,390307,21775038,55.78951440788917
2022,Q4,Delhi,15764149,401864749,25.49232115225503
2022,Q4,Uttarakhand,4272049,160685547,37.61322658050037
2023,Q1,Puducherry,543819,3498429,6.433076078621747
2023,Q1,Tamil Nadu,26270663,989061650,37.6489032652126
2023,Q1,Uttar Pradesh,47806049,1401343916,29.313108807632272
2023,Q1,Madhya Pradesh,24002818,2588256407,107.83135575997785
2023,Q1,Andhra Pradesh,29065863,1442038420,49.61278528010677
2023,Q1,Tripura,710884,29736641,41.83051102570884
2023,Q1,Lakshadweep,7267,43821,6.030136232282922
2023,Q1,Manipur,498337,29419074,59.03449673614442
2023,Q1,Maharashtra,58470784,3144152925,53.773059122997225
2023,Q1,Dadra & Nagar Haveli & Daman & Diu,524617,4471284,8.522949122883933
2023,Q1,Meghalaya,308324,44686919,144.93493532777208
2023,Q1,Andaman & Nicobar Islands,92484,11012664,119.0764240301025
2023,Q1,Haryana,15688161,264946266,16.888293408003655
2023,Q1,Rajasthan,28523031,3711332541,130.11704615123125
2023,Q1,Ladakh,110991,14522495,130.84389725293042
2023,Q1,Punjab,8837408,177418342,20.075834679127635
2023,Q1,Assam,5499650,590176321,107.31161455729001
2023,Q1,Jharkhand,8609107,585808867,68.04525335786859
2023,Q1,Odisha,14787083,929487633,62.858079108638265
2023,Q1,Bihar,22796011,455886560,19.998523425874815
2023,Q1,Kerala,10822723,116395880,10.754768462613336
2023,Q1,Karnataka,37681426,2498025288,66.2932790282406
2023,Q1,Chandigarh,654522,2001065,3.057292191859097
2023,Q1,Telangana,26804259,1305656447,48.7107831259204
2023,Q1,Himachal Pradesh,2594668,111702044,43.05061148478341
2023,Q1,West Bengal,26732895,321102681,12.011519178899254
2023,Q1,Gujarat,23436230,918468944,39.19013185994505
2023,Q1,Sikkim,252440,18927227,74.97713119949294
2023,Q1,Nagaland,335936,35227154,104.86269408458755
2023,Q1,Mizoram,138751,24403694,175.88121166694293
2023,Q1,Chhattisgarh,7159660,678798431,94.8087522312512
2023,Q1,Jammu & Kashmir,1873039,134828711,71.98393146111746
2023,Q1,Goa,892185,22829931,25.588785958069234
2023,Q1,Arunachal Pradesh,408273,88997458,217.98516678790907
2023,Q1,Delhi,16480011,51049789,3.0976793037334747
2023,Q1,Uttarakhand,4464369,181738693,40.708707770347836
2023,Q2,Puducherry,564431,3817041,6.762635291116186
2023,Q2,Tamil Nadu,27317599,991611987,36.299382936252925
2023,Q2,Uttar Pradesh,49829833,1731600947,34.750285978281326
2023,Q2,Madhya Pradesh,25042930,2945628722,117.6231663786945
2023,Q2,Andhra Pradesh,30240061,1427952434,47.22055401938508
2023,Q2,Tripura,743024,30819207,41.478077424147806
2023,Q2,Lakshadweep,7585,90501,11.931575477916942
2023,Q2,Manipur,519799,14076037,27.0797692954392
2023,Q2,Maharashtra,60766850,3363859330,55.3568159284215
2023,Q2,Dadra & Nagar Haveli & Daman & Diu,546364,4086025,7.478576553360031
2023,Q2,Meghalaya,322382,47337234,146.83584691452998
2023,Q2,Andaman & Nicobar Islands,96329,14738676,153.00351918944452
2023,Q2,Haryana,16314236,298037706,18.268566545194027
2023,Q2,Rajasthan,29745609,4033000288,135.58304649267728
2023,Q2,Ladakh,115736,26285520,227.11619547936684
2023,Q2,Punjab,9197055,218492661,23.75680704312413
2023,Q2,Assam,5749682,657069673,114.27930675122555
2023,Q2,Jharkhand,8980709,657119942,73.17016306841698
2023,Q2,Odisha,15420061,918449931,59.56201671316346
2023,Q2,Bihar,23781971,556071386,23.38205634848348
2023,Q2,Kerala,11237341,121310794,10.79532907295418
2023,Q2,Karnataka,39122314,2521576765,64.45367124756476
2023,Q2,Chandigarh,678662,1978988,2.916014157268272
2023,Q2,Telangana,27814633,1339967792,48.17492260278969
2023,Q2,Himachal Pradesh,2706470,136774775,50.53622430693856
2023,Q2,West Bengal,27827662,350862668,12.608413455647119
2023,Q2,Gujarat,24396768,1057626015,43.35107072379424
2023,Q2,Sikkim,262728,28470875,108.36635227307329
2023,Q2,Nagaland,351024,33612080,95.75436437394595
2023,Q2,Mizoram,145061,21868647,150.7548341732099
2023,Q2,Chhattisgarh,7469508,749111705,100.28929683186631
2023,Q2,Jammu & Kashmir,1953132,209249141,107.13517621952843
2023,Q2,Goa,926020,20219644,21.834997084296237
2023,Q2,Arunachal Pradesh,426410,106089520,248.79697943294013
2023,Q2,Delhi,17103089,51415039,3.0061843799093837
2023,Q2,Uttarakhand,4645322,240804293,51.83801962490437
2023,Q3,Puducherry,586550,4653693,7.934009035887819
2023,Q3,Tamil Nadu,28405436,1117719858,39.3488013350684
2023,Q3,Uttar Pradesh,51870932,2143192720,41.317798569726875
2023,Q3,Madhya Pradesh,26109033,3495164168,133.86800529916218
2023,Q3,Andhra Pradesh,31493897,1157440497,36.75126317330624
2023,Q3,Tripura,774678,49942954,64.46930724765645
2023,Q3,Lakshadweep,7912,294406,37.21006066734075
2023,Q3,Manipur,541572,20694295,38.21153050748561
2023,Q3,Maharashtra,63150997,3152984827,49.927712574355716
2023,Q3,Dadra & Nagar Haveli & Daman & Diu,569035,4449513,7.819401267057387
2023,Q3,Meghalaya,336282,75055865,223.1932277076977
2023,Q3,Andaman & Nicobar Islands,100255,20545079,204.92822303127025
2023,Q3,Haryana,16956489,327497074,19.313967295941985
2023,Q3,Rajasthan,30997182,4359306863,140.63558626071236
2023,Q3,Ladakh,120435,42636030,354.01693859758376
2023,Q3,Punjab,9555997,337107656,35.27707846706105
2023,Q3,Assam,5998586,962849913,160.51281301960162
2023,Q3,Jharkhand,9360730,806517236,86.15965165109986
2023,Q3,Odisha,16064459,1002230051,62.38803628556679
2023,Q3,Bihar,24776510,623923391,25.182053122090238
2023,Q3,Kerala,11669143,145044427,12.429741155798673
2023,Q3,Karnataka,40634390,2284389284,56.21812666561501
2023,Q3,Chandigarh,704144,1924922,2.733705037605944
2023,Q3,Telangana,28896668,993742805,34.38952909726478
2023,Q3,Himachal Pradesh,2816046,189307777,67.22467495204269
2023,Q3,West Bengal,28966414,473450373,16.344804469065448
2023,Q3,Gujarat,25383429,1679035143,66.14690012921422
2023,Q3,Sikkim,272829,34906306,127.94206627594573
2023,Q3,Nagaland,366203,51985056,141.95693645327864
2023,Q3,Mizoram,151378,29019443,191.7018523167171
2023,Q3,Chhattisgarh,7779977,951586898,122.3123022086055
2023,Q3,Jammu & Kashmir,2031447,283204829,139.4103951518302
2023,Q3,Goa,961831,24017714,24.97082543606933
2023,Q3,Arunachal Pradesh,444789,112236680,252.33690581376788
2023,Q3,Delhi,17747167,49593289,2.794434120104916
2023,Q3,Uttarakhand,4829992,217340168,44.99803892014728
2023,Q4,Puducherry,607838,32182677,52.9461418996509
2023,Q4,Tamil Nadu,29452801,1831285792,62.17696551170125
2023,Q4,Uttar Pradesh,53799813,3620813944,67.30160835317402
2023,Q4,Madhya Pradesh,27078072,1780548760,65.75611291675419
2023,Q4,Andhra Pradesh,32658698,1310002959,40.1119162496925
2023,Q4,Tripura,806344,43591962,54.0612468127747
2023,Q4,Lakshadweep,8225,924554,112.4077811550152
2023,Q4,Manipur,564130,25551545,45.29371776009076
2023,Q4,Maharashtra,65422120,3694003155,56.46413101562591
2023,Q4,Dadra & Nagar Haveli & Daman & Diu,590760,36579378,61.91918545602275
2023,Q4,Meghalaya,349330,30357626,86.90243036670198
2023,Q4,Andaman & Nicobar Islands,103978,9845960,94.69272346073208
2023,Q4,Haryana,17556642,904482321,51.51795662291229
2023,Q4,Rajasthan,32157348,1905645600,59.260035995505596
2023,Q4,Ladakh,124828,7108123,56.94333803313359
2023,Q4,Punjab,9898002,605806581,61.204936208337806
2023,Q4,Assam,6234780,558041955,89.50467458354585
2023,Q4,Jharkhand,9707336,658553048,67.84075960696117
2023,Q4,Odisha,16680992,701305081,42.04216877509443
2023,Q4,Bihar,25695856,1822737403,70.93507229336902
2023,Q4,Kerala,12084974,747303653,61.83742331592935
2023,Q4,Karnataka,42031396,2565539566,61.03864753861613
2023,Q4,Chandigarh,727594,35719991,49.093300659433694
2023,Q4,Telangana,29902636,1520428750,50.845977257657154
2023,Q4,Himachal Pradesh,2924952,163694473,55.96484079054972
2023,Q4,West Bengal,30064546,1467442959,48.80974949696563
2023,Q4,Gujarat,26312655,1950081065,74.11190793935465
2023,Q4,Sikkim,282575,15838198,56.049537290984695
2023,Q4,Nagaland,381162,20169002,52.91451403865023
2023,Q4,Mizoram,157627,9424810,59.79185038096265
2023,Q4,Chhattisgarh,8057016,545124233,67.65832821977764
2023,Q4,Jammu & Kashmir,2108166,186302862,88.37200770717297
2023,Q4,Goa,995923,64868903,65.13445617783704
2023,Q4,Arunachal Pradesh,462088,38873546,84.12585048735306
2023,Q4,Delhi,18363626,738806624,40.232066586413815
2023,Q4,Uttarakhand,5001826,287470297,57.47307023475027
